TimeStamp,fase,mode,right_torque,left_torque,x,y,th,xLC,y_LC,th_LC
0.056524,1,2,-1.175819,3.327614,0.002334,-0.000005,-0.0053080.002440,0.000029,0.009217
0.096539,1,2,-0.957309,1.820706,0.003344,-0.000008,-0.0021790.003343,0.000039,0.011899
0.131550,1,2,-1.864082,4.075866,0.004741,-0.000010,-0.0004290.005372,0.000065,0.014449
0.176558,1,2,-3.107951,6.553079,0.007701,-0.000007,0.0026280.008076,0.000108,0.016760
0.216547,1,2,-7.002653,10.717595,0.011348,0.000004,0.0029250.011752,0.000170,0.016960
0.271538,1,2,-9.700862,14.694468,0.016795,0.000018,0.0022590.018278,0.000278,0.016011
0.316534,1,2,-11.334087,17.000743,0.024266,0.000030,0.0010760.026438,0.000405,0.014443
0.366538,1,2,-10.109168,17.364691,0.035427,0.000027,-0.0016370.037958,0.000556,0.011833
0.411528,1,2,-7.689193,15.612885,0.047818,-0.000010,-0.0048290.050844,0.000690,0.008500
0.461534,1,2,-4.309899,13.506369,0.065383,-0.000135,-0.0102720.067073,0.000792,0.003285
0.511532,1,2,-2.337567,11.238818,0.081082,-0.000346,-0.0184120.084707,0.000777,-0.007151
0.556532,1,2,-0.734413,9.165145,0.096940,-0.000721,-0.0298610.098679,0.000616,-0.017243
0.601512,1,2,0.390148,4.901807,0.112784,-0.001301,-0.0463540.114634,0.000228,-0.034377
0.641510,1,2,3.342803,3.545426,0.125655,-0.001975,-0.0594280.131256,-0.000468,-0.049673
0.686530,1,2,6.468602,2.066067,0.146060,-0.003327,-0.0741760.147872,-0.001378,-0.062002
0.736522,1,2,8.318629,0.827328,0.164062,-0.004798,-0.0896990.165847,-0.002620,-0.077180
0.771526,1,2,8.624514,0.824826,0.177506,-0.006081,-0.1022200.177574,-0.003581,-0.088142
0.816519,1,2,8.712239,0.564247,0.190377,-0.007481,-0.1165780.192013,-0.004960,-0.104456
0.861543,1,2,8.267840,0.888984,0.203948,-0.009181,-0.1350290.205499,-0.006484,-0.123156
0.906730,1,2,7.101149,0.798807,0.216856,-0.011053,-0.1558630.218399,-0.008200,-0.144188
0.961521,1,2,6.181185,2.675957,0.230338,-0.013318,-0.1791600.233072,-0.010505,-0.169595
1.006517,1,2,4.212267,4.291471,0.241678,-0.015476,-0.1994210.244432,-0.012556,-0.189856
1.041518,1,2,3.860213,4.019497,0.253148,-0.017901,-0.2197780.253375,-0.014336,-0.205700
1.086525,1,2,2.448812,4.742414,0.262062,-0.019958,-0.2359190.264931,-0.016859,-0.226402
1.131499,1,2,1.441700,4.972694,0.272539,-0.022565,-0.2542120.276768,-0.019700,-0.247050
1.171514,1,2,0.629085,4.801235,0.284322,-0.025742,-0.2745630.287332,-0.022454,-0.264748
1.226503,1,2,0.409194,3.673021,0.300727,-0.030579,-0.3006310.302550,-0.026762,-0.288559
1.271524,1,2,0.674679,2.616804,0.313727,-0.034730,-0.3194780.315642,-0.030769,-0.307456
1.316513,1,2,-0.415542,1.283606,0.326844,-0.039193,-0.3388170.328840,-0.035085,-0.326893
1.356511,1,2,-0.725179,0.564247,0.338187,-0.043285,-0.3556100.341585,-0.039526,-0.345446
1.396513,1,2,-0.322045,0.591322,0.349156,-0.047442,-0.3704290.351166,-0.043035,-0.358111
1.436510,1,2,-0.348016,0.499699,0.361446,-0.052306,-0.3842890.363516,-0.047744,-0.371575
1.481493,1,2,-0.717676,0.234839,0.372362,-0.056780,-0.3948560.375920,-0.052654,-0.383455
1.531514,1,2,-1.641775,0.046422,0.387219,-0.063091,-0.4095150.389439,-0.058206,-0.396752
1.571508,1,2,-1.814317,-0.541154,0.396568,-0.067191,-0.4181260.398812,-0.062173,-0.405066
1.606505,1,2,-1.876689,-0.894352,0.407224,-0.071972,-0.4265190.409556,-0.066827,-0.413656
1.651516,1,2,-2.024166,-1.382202,0.416669,-0.076301,-0.4338410.420494,-0.071676,-0.421896
1.701492,1,2,-2.079834,-2.805772,0.431719,-0.083369,-0.4451320.434226,-0.077916,-0.432071
1.746503,1,2,-2.404808,-3.997490,0.445384,-0.089965,-0.4550090.447976,-0.084332,-0.441850
1.791490,1,2,-2.375954,-3.754126,0.456093,-0.095240,-0.4605800.458687,-0.089432,-0.447075
1.831486,1,2,-2.920686,-3.669168,0.467759,-0.101056,-0.4645040.469135,-0.094462,-0.450426
1.876505,1,2,-3.343007,-3.673492,0.476634,-0.105513,-0.4667400.480648,-0.100047,-0.453364
1.916498,1,2,-3.716946,-3.953242,0.488094,-0.111307,-0.4694310.490852,-0.105032,-0.455531
1.956502,1,2,-4.505919,-3.625257,0.496696,-0.115676,-0.4702370.501980,-0.110490,-0.456053
2.011509,1,2,-5.113023,-3.160823,0.511348,-0.123117,-0.4692690.514257,-0.116507,-0.455122
2.056483,1,2,-5.390802,-3.460037,0.523640,-0.129339,-0.4675950.526691,-0.122580,-0.453250
2.106677,1,2,-5.289513,-3.607978,0.535103,-0.135111,-0.4646990.539344,-0.128721,-0.449843
2.156495,1,2,-6.403976,-3.785497,0.546060,-0.140585,-0.4618600.551829,-0.134728,-0.446339
2.201496,1,2,-5.994781,-3.297862,0.560140,-0.147544,-0.4548200.563465,-0.140259,-0.439931
2.246494,1,2,-4.870507,-4.234660,0.570679,-0.152658,-0.4475390.575566,-0.145901,-0.431391
2.296480,1,2,-4.875990,-4.225042,0.584277,-0.159106,-0.4368490.587815,-0.151475,-0.421613
2.351492,1,2,-3.219591,-4.492405,0.599360,-0.166037,-0.4225290.602962,-0.158156,-0.406947
2.406517,1,2,-2.958434,-5.362543,0.614533,-0.172736,-0.4076650.619624,-0.165195,-0.390480
2.451492,1,2,-2.534811,-5.393566,0.625331,-0.177331,-0.3953890.630444,-0.169581,-0.378107
2.496489,1,2,-2.940254,-4.997887,0.637359,-0.182259,-0.3809210.642486,-0.174274,-0.363590
2.551495,1,2,-3.085688,-5.517258,0.653194,-0.188435,-0.3610570.658455,-0.180184,-0.343232
2.596486,1,2,-3.728047,-4.260006,0.665011,-0.192797,-0.3444680.668982,-0.183870,-0.328344
2.656503,1,2,-4.031047,-4.734464,0.679563,-0.197859,-0.3234400.685003,-0.189140,-0.305268
2.701498,1,2,-4.516423,-4.068588,0.694178,-0.202597,-0.3013740.698288,-0.193197,-0.285200
2.746485,1,2,-4.590874,-3.237313,0.704685,-0.205776,-0.2836210.708845,-0.196204,-0.267249
2.806477,1,2,-4.792008,-3.598411,0.719441,-0.209900,-0.2593300.726441,-0.200772,-0.238173
2.851466,1,2,-4.950722,-3.146413,0.733012,-0.213345,-0.2350580.737307,-0.203311,-0.218637
2.901482,1,2,-3.941012,-3.162091,0.747310,-0.216596,-0.2096890.753251,-0.206638,-0.190378
2.946479,1,2,-3.606559,-2.933591,0.758938,-0.218960,-0.1885120.764805,-0.208754,-0.169301
2.996479,1,2,-2.292696,-2.283393,0.775138,-0.221833,-0.1599040.781161,-0.211332,-0.140643
3.051480,1,2,-2.030385,-1.697353,0.789981,-0.224053,-0.1345800.797567,-0.213444,-0.112924
3.106458,1,2,-1.078389,-1.139834,0.806353,-0.226063,-0.1078010.813872,-0.215095,-0.086987
3.156477,1,2,-0.798476,0.037582,0.822424,-0.227625,-0.0836480.828397,-0.216220,-0.065081
3.201485,1,2,-0.608885,0.351646,0.835363,-0.228594,-0.0641370.841411,-0.216955,-0.045964
3.256473,1,2,-0.032609,0.419028,0.850010,-0.229403,-0.0449480.857497,-0.217541,-0.025816
3.296477,1,2,0.548573,1.059608,0.864712,-0.229955,-0.0282800.869336,-0.217780,-0.012303
3.351474,1,2,0.781161,1.540126,0.879318,-0.230245,-0.0103780.885417,-0.217831,0.006806
3.396470,1,2,1.918708,2.009247,0.894104,-0.230291,0.0058460.898700,-0.217653,0.021526
3.446453,1,2,1.412554,2.886166,0.907069,-0.230140,0.0184350.911706,-0.217300,0.033868
3.486467,1,2,0.108791,3.369909,0.919938,-0.229839,0.0282540.924418,-0.216809,0.042894
3.521470,1,2,-0.509328,4.066808,0.929259,-0.229558,0.0330800.933824,-0.216386,0.047919
3.571472,1,2,1.897935,1.899505,0.943110,-0.229053,0.0402420.947800,-0.215669,0.055232
3.616466,1,2,0.574834,2.581783,0.956714,-0.228469,0.0454240.961349,-0.214888,0.059869
3.656471,1,2,1.785103,0.668269,0.969384,-0.227877,0.0481200.975762,-0.214003,0.063134
3.706470,1,2,1.035972,1.515223,0.984781,-0.227106,0.0520410.990711,-0.213032,0.066604
3.751465,1,2,0.062043,0.409468,0.999407,-0.226337,0.0525401.003947,-0.212148,0.066589
3.796467,1,2,-0.991243,0.496087,1.011006,-0.225725,0.0530961.015581,-0.211369,0.067491
3.836445,1,2,-0.182089,-0.414693,1.023175,-0.225073,0.0539561.029281,-0.210440,0.068126
3.886443,1,2,-0.744514,-0.808593,1.038295,-0.224254,0.0544121.042860,-0.209512,0.068363
3.921492,1,2,-1.991143,-1.081293,1.048573,-0.223698,0.0536641.054582,-0.208713,0.067487
3.971459,1,2,-1.799532,-0.722697,1.063244,-0.222910,0.0546091.067714,-0.207821,0.068904
4.011464,1,2,-2.985561,0.038362,1.076042,-0.222196,0.0572581.080411,-0.206930,0.071552
4.061460,1,2,-5.133385,0.624401,1.088088,-0.221499,0.0579191.093703,-0.205972,0.072033
4.101435,1,2,-7.113846,2.780310,1.099310,-0.220842,0.0591121.102310,-0.205345,0.073190
4.151456,1,2,-8.943384,3.901407,1.109122,-0.220261,0.0593961.114657,-0.204438,0.073905
4.201455,1,2,-8.758988,4.047570,1.122112,-0.219474,0.0619981.127710,-0.203456,0.076953
4.246452,1,2,-10.074005,6.377440,1.136105,-0.218576,0.0668391.140341,-0.202457,0.081380
4.291474,1,2,-8.980610,5.100951,1.147306,-0.217811,0.0693681.151680,-0.201520,0.083811
4.331465,1,2,-9.833914,6.227386,1.158447,-0.217022,0.0723891.162883,-0.200563,0.086785
4.366452,1,2,-7.492739,3.791661,1.171066,-0.216093,0.0746901.173992,-0.199586,0.088768
4.411469,1,2,-6.554019,3.375301,1.182635,-0.215217,0.0768771.188821,-0.198248,0.091742
4.456477,1,2,-5.657141,3.550318,1.197316,-0.214061,0.0808871.203468,-0.196874,0.095999
4.496464,1,2,-3.507577,2.203945,1.212410,-0.212807,0.0850021.218721,-0.195376,0.099524
4.551492,1,2,-3.159274,1.557306,1.229367,-0.211347,0.0871161.235312,-0.193705,0.102176
4.591494,1,2,-1.935733,1.565145,1.243780,-0.210064,0.0903811.248241,-0.192363,0.104729
4.631509,1,2,-1.008555,1.744443,1.256725,-0.208872,0.0937251.262779,-0.190809,0.108293
4.671518,1,2,-0.352922,1.005847,1.271113,-0.207512,0.0948641.275460,-0.189428,0.109062
4.711511,1,2,-0.393611,0.529610,1.282153,-0.206458,0.0952641.286513,-0.188215,0.109364
4.751494,1,2,0.090611,1.600782,1.294567,-0.205269,0.0964741.300313,-0.186692,0.111286
4.786459,1,2,0.146305,1.768683,1.305009,-0.204248,0.0982511.309261,-0.185686,0.112300
4.831460,1,2,1.356572,1.445724,1.318808,-0.202888,0.0986401.324710,-0.183943,0.112910
4.876476,1,2,1.618305,0.927067,1.332920,-0.201489,0.0985881.337160,-0.182531,0.112638
4.921533,1,2,1.594643,2.147960,1.346345,-0.200163,0.0988241.350461,-0.181028,0.113119
4.961566,1,2,2.175824,1.722705,1.359740,-0.198829,0.0994541.362405,-0.179667,0.113532
4.996459,1,2,0.967290,3.024879,1.369700,-0.197836,0.0991481.372349,-0.178535,0.113226
5.031489,1,2,2.406681,1.473189,1.378852,-0.196930,0.0978411.384648,-0.177145,0.110974
5.066433,1,2,1.167269,2.915799,1.390648,-0.195788,0.0951361.394609,-0.176045,0.108837
5.101439,1,2,0.132743,3.148580,1.400266,-0.194880,0.0928961.404273,-0.174998,0.106598
5.141447,1,2,-0.194497,3.189221,1.410125,-0.193974,0.0899671.415536,-0.173810,0.102947
5.186447,1,2,-0.436896,2.253148,1.423154,-0.192827,0.0849071.428697,-0.172480,0.097790
5.241446,1,2,0.107348,0.462617,1.440179,-0.191432,0.0777751.444240,-0.171000,0.091232
5.291442,1,2,-0.079934,-0.751160,1.457514,-0.190135,0.0703521.461645,-0.169463,0.083512
5.331429,1,2,-0.685356,-1.511160,1.470066,-0.189295,0.0626641.472585,-0.168581,0.076742
5.381447,1,2,-1.219789,0.148887,1.483122,-0.188502,0.0587901.488382,-0.167404,0.072411
5.426438,1,2,-4.177928,0.960925,1.495176,-0.187815,0.0536661.500335,-0.166568,0.066198
5.471423,1,2,-4.948701,0.708907,1.507217,-0.187203,0.0476021.512203,-0.165813,0.060676
5.521418,1,2,-8.054589,4.109950,1.518860,-0.186672,0.0433631.522490,-0.165205,0.057110
5.556417,1,2,-8.811054,4.387954,1.528542,-0.186262,0.0410241.532301,-0.164654,0.054823
5.596416,1,2,-10.547968,5.350591,1.538555,-0.185862,0.0384921.541019,-0.164185,0.052570
5.641447,1,2,-11.645197,6.458312,1.548434,-0.185493,0.0361071.553529,-0.163544,0.049529
5.686433,1,2,-13.431655,7.457669,1.561177,-0.185051,0.0328221.563628,-0.163055,0.046900
5.731444,1,2,-13.660426,7.287039,1.572918,-0.184683,0.0299681.575362,-0.162522,0.044046
5.781455,1,2,-11.945952,6.153772,1.586357,-0.184284,0.0295601.591866,-0.161800,0.043236
5.826436,1,2,-12.848797,5.167385,1.598549,-0.183933,0.0275041.604143,-0.161279,0.041180
5.871432,1,2,-9.941505,2.958794,1.615198,-0.183485,0.0266461.622584,-0.160527,0.040446
5.916431,1,2,-9.609860,2.533987,1.631803,-0.183051,0.0256391.635958,-0.159992,0.039840
5.951443,1,2,-8.313585,1.450747,1.643760,-0.182742,0.0260511.649603,-0.159446,0.040226
5.996428,1,2,-5.924161,0.615900,1.659484,-0.182321,0.0286411.663626,-0.158868,0.043336
6.051424,1,2,-5.401047,0.588894,1.677862,-0.181758,0.0326031.681889,-0.158044,0.047050
6.091434,1,2,-4.510651,0.375608,1.690824,-0.181320,0.0352541.693209,-0.157499,0.049332
6.136424,1,2,-3.559810,1.311682,1.705074,-0.180796,0.0389121.709025,-0.156691,0.053457
6.176422,1,2,-3.436879,1.998240,1.717419,-0.180293,0.0429881.722815,-0.155924,0.058097
6.216420,1,2,-3.665427,2.884777,1.729177,-0.179768,0.0465131.734443,-0.155230,0.061422
6.266418,1,2,-3.755750,4.477831,1.743271,-0.179086,0.0503661.747013,-0.154437,0.064909
6.316399,1,2,-3.924275,5.653469,1.757452,-0.178347,0.0540231.762559,-0.153399,0.068387
6.356415,1,2,-3.083668,5.872351,1.768797,-0.177724,0.0561081.772562,-0.152705,0.070602
6.401394,1,2,-2.671589,6.325071,1.780516,-0.177054,0.0583471.785766,-0.151758,0.072861
6.441398,1,2,-2.331653,6.880811,1.795138,-0.176187,0.0602301.797441,-0.150898,0.074308
6.481409,1,2,-1.828674,6.530055,1.807182,-0.175459,0.0604951.810984,-0.149888,0.074545
6.531416,1,2,-1.222675,6.271977,1.820947,-0.174626,0.0603401.824781,-0.148858,0.074439
6.581460,1,2,-0.882738,6.124758,1.836269,-0.173703,0.0595131.840074,-0.147722,0.073365
6.621391,1,2,-0.627642,5.757601,1.848520,-0.172983,0.0574081.852344,-0.146831,0.071063
6.666408,1,2,-0.361002,5.436422,1.863934,-0.172120,0.0543081.866172,-0.145863,0.068386
6.701409,1,2,-0.191322,5.369762,1.873042,-0.171631,0.0523571.876799,-0.145144,0.066061
6.756412,1,2,-0.039823,4.780164,1.888458,-0.170851,0.0482691.893760,-0.144057,0.061499
6.806384,1,2,0.026837,4.807962,1.905332,-0.170068,0.0443491.909065,-0.143139,0.058052
6.841401,1,2,0.117737,4.650402,1.915943,-0.169608,0.0420231.921166,-0.142450,0.055352
6.891401,1,2,-0.559250,4.955181,1.930768,-0.169008,0.0388161.935817,-0.141659,0.052489
6.936382,1,2,-0.669484,6.218493,1.945071,-0.168463,0.0373321.947250,-0.141064,0.051410
6.971400,1,2,-1.056169,6.317955,1.955133,-0.168091,0.0364331.958744,-0.140479,0.050432
7.011395,1,2,-0.754324,6.523995,1.965104,-0.167731,0.0354331.968709,-0.139980,0.049432
7.061380,1,2,-1.365808,7.026986,1.977955,-0.167284,0.0340781.982946,-0.139287,0.048047
7.106377,1,2,-2.158514,8.115284,1.992080,-0.166811,0.0323941.995640,-0.138685,0.046294
7.156411,1,2,-2.237871,8.026886,2.004871,-0.166407,0.0303462.011272,-0.137979,0.043692
7.211393,1,2,-2.220845,7.909967,2.020827,-0.165946,0.0270062.025915,-0.137360,0.040284
7.256409,1,2,-3.019034,7.133231,2.035508,-0.165576,0.0226102.039106,-0.136851,0.036214
7.301380,1,2,-3.733536,7.141070,2.048794,-0.165303,0.0179482.052402,-0.136397,0.031503
7.346398,1,2,-3.794713,6.050993,2.062202,-0.165090,0.0131892.065836,-0.136002,0.026744
7.386390,1,2,-3.287405,4.841495,2.076405,-0.164937,0.0076002.078521,-0.135690,0.021678
7.436389,1,2,-3.172265,3.130796,2.092693,-0.164859,0.0012982.096411,-0.135359,0.014855
7.471390,1,2,-2.894659,2.558654,2.103853,-0.164863,-0.0024042.107585,-0.135210,0.011103
7.516393,1,2,-2.574057,1.027977,2.116708,-0.164917,-0.0063312.122060,-0.135078,0.006902
7.556387,1,2,-3.081937,0.851512,2.131018,-0.165032,-0.0103862.133130,-0.135016,0.003692
7.601380,1,2,-2.998251,0.791968,2.143425,-0.165175,-0.0126372.147098,-0.134982,0.001265
7.641372,1,2,-3.300674,0.373829,2.155607,-0.165337,-0.0139522.159221,-0.134975,0.000047
7.681387,1,2,-3.827316,0.625847,2.167579,-0.165509,-0.0149742.171210,-0.134979,-0.001023
7.726367,1,2,-4.444857,0.730646,2.180856,-0.165714,-0.0162242.184413,-0.135000,-0.002324
7.766388,1,2,-5.129059,0.437987,2.193863,-0.165934,-0.0176772.197407,-0.135039,-0.003727
7.806386,1,2,-5.765935,1.335922,2.203645,-0.166110,-0.0180362.207175,-0.135077,-0.003939
7.851367,1,2,-6.365874,2.175758,2.217510,-0.166351,-0.0166582.220998,-0.135121,-0.002314
7.896380,1,2,-7.183972,2.983516,2.229830,-0.166548,-0.0151532.231954,-0.135141,-0.001075
7.941378,1,2,-7.094226,3.187776,2.241175,-0.166713,-0.0138102.246092,-0.135146,0.000603
7.986383,1,2,-7.325083,3.478656,2.252596,-0.166864,-0.0124162.257754,-0.135131,0.002297
8.031375,1,2,-7.378469,3.238758,2.269105,-0.167045,-0.0096182.271232,-0.135085,0.004460
8.071377,1,2,-6.840861,2.750401,2.280886,-0.167153,-0.0085162.284544,-0.135019,0.005880
8.116375,1,2,-5.909354,2.300183,2.293222,-0.167248,-0.0068622.296941,-0.134938,0.007535
8.156375,1,2,-5.297873,1.771185,2.305815,-0.167325,-0.0051562.309503,-0.134835,0.009241
8.211381,1,2,-4.697934,1.603284,2.321664,-0.167389,-0.0026632.327017,-0.134652,0.011905
8.246372,1,2,-4.261038,1.227565,2.334496,-0.167412,-0.0008542.338198,-0.134511,0.013493
8.286373,1,2,-3.576836,0.882145,2.347134,-0.167413,0.0011002.352425,-0.134306,0.015667
8.331357,1,2,-3.121760,1.079623,2.361393,-0.167381,0.0036702.366607,-0.134067,0.018187
8.371377,1,2,-2.879360,0.829385,2.372034,-0.167336,0.0051522.378822,-0.133836,0.020135
8.411355,1,2,-3.603673,1.083904,2.385632,-0.167252,0.0068232.389160,-0.133622,0.020822
8.456370,1,2,-3.066643,1.315963,2.398793,-0.167161,0.0078452.403970,-0.133308,0.022460
8.506372,1,2,-3.749113,1.978281,2.412150,-0.167043,0.0097112.417143,-0.133001,0.023927
8.556365,1,2,-3.659373,2.263104,2.429363,-0.166864,0.0114812.431472,-0.132648,0.025559
8.596348,1,2,-4.723625,3.204183,2.439163,-0.166747,0.0125552.442679,-0.132355,0.026752
8.641346,1,2,-3.509028,3.014544,2.452355,-0.166570,0.0145672.455942,-0.131988,0.028814
8.681364,1,2,-3.762971,3.444804,2.464015,-0.166393,0.0161622.467628,-0.131643,0.030409
8.736364,1,2,-4.082419,3.899304,2.478857,-0.166137,0.0183942.483875,-0.131129,0.032858
8.786362,1,2,-2.999411,3.507906,2.495543,-0.165813,0.0207002.499100,-0.130614,0.035095
8.836361,1,2,-3.204296,3.944226,2.511763,-0.165461,0.0222592.515313,-0.130032,0.036555
8.876360,1,2,-3.234596,4.132085,2.522235,-0.165225,0.0227992.527341,-0.129590,0.037216
8.916342,1,2,-3.137059,3.918206,2.534298,-0.164945,0.0234602.539293,-0.129142,0.037628
8.956358,1,2,-3.112819,4.209086,2.547560,-0.164632,0.0237422.551110,-0.128696,0.037890
9.001359,1,2,-2.392834,3.490448,2.559891,-0.164338,0.0238132.563496,-0.128227,0.037962
9.046355,1,2,-2.011054,3.357129,2.573828,-0.164007,0.0236602.577366,-0.127702,0.037807
9.081367,1,2,-2.561355,4.150258,2.585695,-0.163725,0.0238732.589228,-0.127253,0.037823
9.126355,1,2,-3.160140,4.648956,2.598731,-0.163415,0.0237072.600774,-0.126815,0.037785
9.176337,1,2,-2.149853,3.611642,2.612487,-0.163091,0.0232542.617373,-0.126191,0.037371
9.231336,1,2,-2.198910,3.537143,2.629493,-0.161953,0.0216192.633687,-0.125599,0.035717
9.281362,1,2,-2.767395,4.209079,2.642009,-0.162439,0.0212882.647019,-0.125125,0.035259
9.336350,1,2,-2.252873,3.531083,2.658737,-0.162087,0.0205792.663739,-0.124539,0.034550
9.381357,1,2,-2.440155,3.740681,2.673873,-0.161783,0.0193542.677325,-0.124077,0.033452
9.431357,1,2,-2.779515,3.990920,2.688545,-0.161503,0.0184692.693522,-0.123543,0.032390
9.466349,1,2,-2.857717,3.849761,2.698927,-0.161314,0.0180192.703915,-0.123208,0.031990
9.506347,1,2,-2.785575,3.843701,2.712310,-0.161076,0.0174122.715808,-0.122830,0.031511
9.556344,1,2,-3.009217,3.930320,2.727417,-0.160821,0.0162862.729411,-0.122409,0.030364
9.601338,1,2,-3.142537,3.728561,2.739300,-0.160631,0.0154612.742804,-0.122007,0.029411
9.646330,1,2,-3.554039,4.499236,2.754093,-0.160410,0.0147752.756078,-0.121623,0.028853
9.691342,1,2,-3.306157,3.544982,2.767386,-0.160213,0.0142662.770807,-0.121198,0.028166
9.726341,1,2,-4.075198,4.558057,2.775953,-0.160094,0.0134452.779387,-0.120960,0.027494
9.761344,1,2,-3.833376,3.898241,2.786350,-0.159957,0.0127482.791311,-0.120637,0.026620
9.811337,1,2,-4.190915,4.745916,2.799315,-0.159794,0.0127292.804182,-0.120293,0.026896
9.856327,1,2,-3.755750,4.104280,2.812698,-0.159625,0.0123202.817652,-0.119934,0.026192
9.901332,1,2,-4.445434,4.354519,2.829007,-0.159435,0.0107162.830971,-0.119593,0.024794
9.941341,1,2,-3.199962,3.320763,2.843006,-0.159290,0.0100682.844967,-0.119251,0.024146
9.986336,1,2,-4.299995,3.984860,2.853314,-0.159186,0.0098652.858273,-0.118930,0.023885
10.026336,1,2,-3.284225,2.961444,2.865499,-0.159066,0.0098352.872059,-0.118601,0.023927
10.066325,1,2,-3.095788,2.486986,2.879498,-0.158930,0.0094842.881450,-0.118378,0.023562
10.106335,1,2,-3.059428,2.500885,2.890317,-0.158827,0.0093862.895372,-0.118050,0.023458
10.151336,1,2,-3.585493,3.247320,2.903912,-0.158700,0.0095742.908829,-0.117734,0.023495
10.196333,1,2,-2.218821,2.076686,2.917702,-0.158569,0.0095172.922825,-0.117404,0.023540
10.241334,1,2,-2.406104,3.111498,2.931539,-0.158433,0.0108942.936419,-0.117075,0.025507
10.291375,1,2,-2.761912,2.613523,2.947910,-0.158245,0.0112692.949845,-0.116730,0.025347
10.331333,1,2,-2.592232,1.967606,2.961698,-0.158096,0.0104202.963631,-0.116387,0.024498
10.381333,1,2,-3.330397,3.164259,2.971932,-0.157988,0.0106612.978422,-0.116022,0.024703
10.431313,1,2,-2.132827,2.031764,2.988994,-0.157808,0.0109452.992419,-0.115677,0.025242
10.476315,1,2,-2.464395,1.628247,3.002664,-0.157651,0.0112823.006130,-0.115326,0.025233
10.521311,1,2,-2.361375,1.343427,3.018088,-0.157484,0.0104073.020006,-0.114981,0.024485
10.561307,1,2,-1.895911,1.450005,3.030287,-0.157359,0.0101313.033702,-0.114648,0.024229
10.616325,1,2,-2.153159,2.674082,3.046525,-0.157182,0.0123323.049921,-0.114240,0.026579
10.661311,1,2,-2.830665,3.139157,3.059640,-0.157016,0.0131073.063033,-0.113887,0.027255
10.706306,1,2,-2.281084,2.947659,3.072920,-0.156840,0.0137353.076219,-0.113526,0.027981
10.751310,1,2,-2.562577,3.547361,3.085706,-0.156655,0.0153953.089076,-0.113157,0.029592
10.806324,1,2,-2.776173,3.698550,3.100306,-0.156425,0.0160413.105036,-0.112679,0.030405
10.851322,1,2,-3.735755,4.599900,3.114306,-0.156195,0.0166793.117651,-0.112293,0.030629
10.901320,1,2,-3.388114,4.716169,3.128890,-0.155954,0.0166833.132200,-0.111848,0.030929
10.951300,1,2,-4.029487,4.767651,3.143293,-0.155714,0.0162883.146689,-0.111403,0.030239
10.996306,1,2,-3.236295,4.208988,3.158447,-0.155471,0.0158053.160322,-0.110993,0.029883
11.036317,1,2,-3.815890,4.048087,3.168933,-0.155311,0.0146153.172306,-0.110642,0.028615
11.091323,1,2,-3.930333,3.995198,3.185363,-0.155073,0.0141003.188805,-0.110172,0.028051
11.131317,1,2,-3.089727,3.564940,3.199271,-0.154882,0.0135503.202724,-0.109785,0.027551
11.171313,1,2,-2.635805,3.189220,3.211740,-0.154715,0.0134753.215145,-0.109443,0.027426
11.211313,1,2,-2.623108,2.829902,3.224119,-0.154550,0.0132013.227550,-0.109104,0.027152
11.256319,1,2,-2.900713,3.148580,3.236272,-0.154391,0.0128743.239640,-0.108776,0.026824
11.296313,1,2,-2.707371,2.649882,3.249941,-0.154221,0.0122223.251790,-0.108455,0.026300
11.341312,1,2,-3.015853,3.265498,3.261585,-0.154078,0.0124813.264901,-0.108108,0.026679
11.396292,1,2,-2.762488,3.430897,3.276471,-0.153887,0.0132803.282618,-0.107629,0.027665
11.441290,1,2,-3.173412,3.659397,3.290981,-0.153688,0.0140243.294289,-0.107302,0.028122
11.486306,1,2,-2.949770,3.219520,3.304365,-0.153499,0.0142093.307684,-0.106924,0.028357
11.531319,1,2,-4.165519,4.681033,3.318605,-0.153293,0.0143563.321889,-0.106519,0.028405
11.571314,1,2,-3.724873,4.400497,3.330503,-0.153126,0.0137783.333753,-0.106186,0.027827
11.621306,1,2,-4.716980,4.530258,3.343826,-0.153672,0.0134093.347988,-0.105791,0.027380
11.656309,1,2,-3.671487,3.970961,3.355365,-0.152792,0.0129843.358728,-0.105499,0.027034
11.711305,1,2,-4.046052,4.489618,3.368704,-0.152617,0.0133173.373504,-0.105097,0.027386
11.751301,1,2,-3.374548,3.440183,3.382418,-0.152436,0.0129123.385819,-0.104762,0.026914
11.801304,1,2,-3.089728,3.106884,3.398083,-0.152238,0.0124363.401449,-0.104345,0.026536
11.846298,1,2,-2.424284,2.890504,3.413388,-0.152045,0.0128453.415190,-0.103978,0.026923
11.891317,1,2,-1.600703,1.777968,3.426382,-0.151879,0.0128273.431121,-0.103549,0.027143
11.926303,1,2,-3.130417,2.783203,3.438146,-0.151727,0.0124953.441516,-0.103270,0.026446
11.971299,1,2,-1.695931,1.041151,3.451004,-0.151569,0.0119303.454281,-0.102934,0.025980
12.021313,1,2,-2.126190,1.868145,3.466143,-0.151394,0.0111013.469506,-0.102545,0.025250
12.066312,1,2,-4.242001,3.159985,3.479333,-0.151247,0.0108383.482466,-0.102218,0.024440
12.121312,1,2,-3.578287,1.573711,3.493763,-0.151117,0.0073783.498395,-0.101857,0.021199
12.161309,1,2,-5.007293,2.958226,3.507672,-0.151024,0.0061363.510906,-0.101601,0.020185
12.211314,1,2,-4.802984,3.250885,3.520713,-0.150942,0.0065633.523869,-0.101335,0.020562
12.256336,1,2,-4.791441,2.815288,3.535103,-0.150850,0.0063173.536876,-0.101070,0.020395
12.301331,1,2,-6.038070,3.814466,3.546447,-0.150777,0.0064733.549644,-0.100808,0.020522
12.346283,1,2,-4.436210,2.888008,3.560089,-0.150687,0.0073043.563403,-0.100522,0.021552
12.391305,1,2,-4.653215,3.279406,3.573790,-0.150579,0.0085323.577116,-0.100218,0.022730
12.436282,1,2,-4.815681,3.223087,3.587357,-0.150456,0.0096093.590634,-0.099904,0.023658
12.476307,1,2,-4.078092,2.772868,3.599512,-0.150336,0.0101723.602802,-0.099612,0.024271
12.516305,1,2,-2.916304,1.707031,3.612163,-0.150202,0.0114843.617040,-0.099257,0.026001
12.561300,1,2,-3.193332,2.274169,3.625924,-0.150034,0.0127123.629162,-0.098936,0.026959
12.606303,1,2,-3.066064,2.165083,3.639610,-0.149853,0.0137913.642919,-0.098558,0.027890
12.646311,1,2,-3.029127,2.098423,3.651899,-0.149682,0.0139113.655174,-0.098215,0.028010
12.696282,1,2,-3.307309,2.453460,3.665388,-0.149494,0.0141473.670115,-0.097795,0.028612
12.736300,1,2,-2.097044,1.147728,3.680874,-0.149267,0.0148553.684170,-0.097389,0.029053
12.781319,1,2,-2.797693,1.349487,3.691602,-0.149105,0.0148543.696335,-0.097035,0.028677
12.826298,1,2,-2.283749,1.359105,3.706921,-0.148882,0.0144233.710029,-0.096644,0.028421
12.861269,1,2,-4.606166,2.031763,3.717992,-0.148728,0.0126973.719717,-0.096374,0.026775
12.906508,1,2,-5.284885,2.844857,3.729409,-0.148591,0.0112233.733786,-0.096009,0.024695
12.951318,1,2,-4.948411,2.623140,3.741981,-0.148462,0.0096163.746656,-0.095699,0.023686
13.001286,1,2,-4.852028,1.854245,3.756866,-0.148323,0.0088333.761552,-0.095353,0.022853
13.056272,1,2,-5.294407,2.568600,3.772936,-0.148183,0.0083133.776148,-0.095021,0.022214
13.101283,1,2,-4.127141,0.887149,3.788451,-0.148061,0.0076373.791765,-0.094680,0.021786
13.141260,1,2,-5.463512,2.438840,3.798805,-0.147980,0.0081753.801877,-0.094457,0.022321
13.191277,1,2,-5.059802,3.181716,3.811518,-0.147868,0.0103783.816133,-0.094125,0.024990
13.231292,1,2,-4.896182,3.067299,3.824725,-0.147716,0.0127363.827986,-0.093817,0.027033
13.271290,1,2,-4.127141,2.762521,3.837137,-0.147548,0.0145383.840334,-0.093473,0.028736
13.311283,1,2,-4.924751,3.291519,3.849021,-0.147372,0.0150983.852184,-0.093130,0.029196
13.351281,1,2,-4.441106,2.558983,3.861055,-0.147190,0.0153633.865879,-0.092729,0.029534
13.411266,1,2,-3.805384,2.011805,3.876735,-0.146943,0.0161233.878419,-0.092354,0.030201
13.461263,1,2,-2.970260,1.771185,3.887734,-0.146763,0.0167203.889415,-0.092019,0.030798
13.506439,1,2,-2.970260,1.771185,3.909956,-0.146378,0.0178673.911629,-0.091321,0.031945
13.556250,1,2,-1.527983,0.678608,3.921089,-0.146177,0.0183173.922758,-0.090964,0.032395
13.601260,1,2,-1.527983,0.678608,3.939935,-0.145821,0.0197643.944747,-0.090235,0.034083
13.646248,1,2,-1.071752,0.393788,3.953874,-0.145539,0.0207973.957091,-0.089809,0.034995
13.691269,1,2,-0.514811,0.127149,3.969238,-0.145214,0.0213053.972433,-0.089267,0.035355
13.731269,1,2,-0.822716,0.639746,3.979875,-0.144985,0.0216013.983021,-0.088891,0.035600
13.766248,1,2,-0.502113,0.328908,3.990407,-0.144757,0.0217463.993594,-0.088512,0.035895
13.806265,1,2,-0.695456,0.609446,4.002394,-0.144496,0.0219614.005546,-0.088083,0.036109
13.856266,1,2,-0.695456,1.499542,4.017204,-0.144161,0.0235994.021745,-0.087485,0.038113
13.906277,1,2,-0.622736,2.234580,4.031638,-0.143804,0.0263694.036098,-0.086920,0.041030
13.956251,1,2,-0.646976,3.131458,4.045787,-0.143413,0.0290864.050314,-0.086318,0.043303
14.006242,1,2,-0.979121,3.858657,4.060233,-0.142984,0.0304234.063283,-0.085748,0.044718
14.041262,1,2,-1.063961,4.313156,4.071754,-0.142628,0.0314724.074798,-0.085228,0.045668
14.091260,1,2,-0.906401,4.186619,4.083363,-0.142259,0.0318304.087870,-0.084627,0.046146
14.126258,1,2,-0.967003,4.782284,4.094973,-0.141884,0.0325834.098048,-0.084154,0.046632
14.161253,1,2,-0.319737,3.878288,4.106910,-0.141499,0.0317594.108495,-0.083669,0.045837
14.216237,1,2,-0.525200,4.645406,4.121654,-0.141030,0.0317154.126184,-0.082859,0.045587
14.256253,1,2,-0.567043,3.991649,4.133681,-0.140655,0.0302994.136780,-0.082381,0.044102
14.296238,1,2,-0.488263,3.553550,4.147403,-0.140255,0.0278684.150480,-0.081792,0.041720
14.341247,1,2,-0.839166,4.060088,4.160781,-0.139888,0.0264714.162338,-0.081301,0.040549
14.381258,1,2,-0.717966,3.151811,4.171399,-0.139616,0.0243434.175995,-0.080763,0.037820
14.431242,1,2,-0.839743,3.583128,4.188093,-0.139234,0.0215574.189638,-0.080262,0.035635
14.471249,1,2,-0.700940,3.524307,4.198638,-0.139014,0.0200714.203193,-0.079791,0.033647
14.516229,1,2,-0.591860,2.755410,4.212274,-0.138754,0.0178364.216854,-0.079345,0.031610
14.556255,1,2,-0.985183,3.068028,4.225746,-0.138520,0.0168364.227277,-0.079018,0.030914
14.603054,1,2,-0.888223,2.593569,4.236412,-0.138348,0.0151534.240969,-0.078608,0.028878
14.656268,1,2,-0.706999,1.874927,4.256139,-0.138070,0.0127064.259176,-0.078100,0.026558
14.701230,1,2,-0.628219,1.345929,4.266866,-0.137941,0.0111244.271430,-0.077784,0.024799
14.741244,1,2,-0.689396,1.997183,4.283535,-0.137769,0.0098214.285050,-0.077454,0.023899
14.791242,1,2,-0.851861,0.745990,4.295897,-0.137659,0.0077174.298939,-0.077136,0.021717
14.836243,1,2,-0.598496,0.866467,4.311126,-0.137548,0.0065924.314106,-0.076814,0.020690
14.871252,1,2,-0.828198,0.751328,4.321750,-0.137480,0.0059484.324757,-0.076596,0.019947
14.916241,1,2,-1.118501,0.783407,4.333874,-0.137411,0.0054234.336879,-0.076358,0.019422
14.956239,1,2,-0.858498,0.668267,4.347424,-0.137340,0.0050664.348926,-0.076125,0.019144
14.996238,1,2,-1.124561,0.845786,4.359428,-0.137280,0.0049354.362429,-0.075868,0.018934
15.041235,1,2,-1.263940,0.694286,4.372707,-0.137218,0.0040804.375646,-0.075622,0.017980
15.091237,1,2,-1.657840,1.219003,4.384411,-0.137173,0.0037474.388774,-0.075387,0.017914
15.126241,1,2,-2.670908,2.050325,4.397137,-0.137124,0.0038234.401482,-0.075159,0.017743
15.171238,1,2,-2.336025,2.036287,4.410042,-0.137075,0.0041004.411535,-0.074979,0.018178
15.226233,1,2,-2.299301,1.541249,4.423368,-0.137017,0.0044824.429315,-0.074650,0.018671
15.271231,1,2,-2.654295,2.299472,4.439485,-0.136940,0.0051994.442443,-0.074401,0.019297
15.316213,1,2,-2.434537,2.285434,4.452722,-0.136865,0.0062714.455693,-0.074138,0.020518
15.361239,1,2,-2.776707,2.475172,4.465958,-0.136776,0.0071464.468911,-0.073862,0.021343
15.416226,1,2,-2.398396,2.438449,4.480874,-0.136666,0.0078464.486855,-0.073474,0.022283
15.461231,1,2,-2.739983,2.848528,4.495566,-0.136542,0.0091864.498544,-0.073207,0.023384
15.501229,1,2,-2.019503,2.577426,4.507497,-0.136428,0.0101914.510441,-0.072924,0.024487
15.546225,1,2,-2.110729,2.273923,4.520973,-0.136284,0.0109704.525504,-0.072550,0.025190
15.586224,1,2,-1.695112,2.540702,4.534764,-0.136128,0.0121004.537701,-0.072237,0.026297
15.631223,1,2,-2.294719,2.518347,4.546633,-0.135982,0.0124124.549597,-0.071923,0.026610
15.671222,1,2,-1.641394,2.183268,4.560348,-0.135808,0.0130964.563309,-0.071555,0.027294
15.711234,1,2,-1.278371,2.269887,4.572428,-0.135645,0.0140044.575400,-0.071220,0.028251
15.761205,1,2,-1.761440,2.354727,4.586082,-0.135451,0.0138964.589050,-0.070835,0.027847
15.806219,1,2,-1.597820,2.025708,4.601207,-0.135242,0.0139074.604170,-0.070413,0.027956
15.851206,1,2,-1.446897,2.332266,4.613196,-0.135075,0.0141224.617611,-0.070036,0.028241
15.901202,1,2,-1.059634,1.971168,4.628097,-0.134860,0.0148714.632522,-0.069608,0.029139
15.946219,1,2,-1.718442,2.774646,4.642891,-0.134634,0.0153724.644327,-0.069260,0.029450
15.986216,1,2,-1.489317,2.768586,4.654640,-0.134453,0.0158804.657572,-0.068869,0.030276
16.026217,1,2,-1.562037,3.432684,4.663374,-0.134309,0.0169904.667668,-0.068558,0.031157
16.071208,1,2,-1.192954,3.320046,4.678064,-0.134055,0.0181324.680958,-0.068138,0.032428
16.111201,1,2,-1.930542,3.927825,4.691253,-0.133809,0.0186604.692672,-0.067755,0.032738
16.161213,1,2,-0.920830,3.538199,4.704862,-0.133554,0.0189964.707820,-0.067257,0.033145
16.206196,1,2,-1.434197,3.689699,4.719865,-0.133266,0.0193024.721274,-0.066809,0.033380
16.256211,1,2,-1.077235,3.847259,4.733429,-0.132998,0.0198854.737906,-0.066246,0.033758
16.296193,1,2,-1.088778,3.231642,4.747112,-0.132730,0.0195794.748510,-0.065890,0.033657
16.336196,1,2,-0.774236,3.415221,4.757689,-0.132524,0.0194784.760553,-0.065485,0.033576
16.376208,1,2,-0.931218,3.237702,4.769676,-0.132290,0.0192974.772610,-0.065080,0.033248
16.421209,1,2,-0.737299,2.500885,4.783522,-0.132035,0.0173624.786436,-0.064633,0.031164
16.461207,1,2,-0.706999,2.216066,4.797293,-0.131807,0.0156734.800173,-0.064215,0.029673
16.516206,1,2,-0.446419,1.571928,4.812821,-0.131572,0.0142564.815741,-0.063762,0.028207
16.556203,1,2,-0.343399,0.842950,4.826803,-0.131383,0.0123724.829704,-0.063380,0.026273
16.606183,1,2,-0.331857,1.695963,4.842017,-0.131203,0.0114944.843384,-0.063026,0.025572
16.656187,1,2,-0.361579,0.745268,4.854245,-0.131070,0.0102294.860035,-0.062613,0.024615
16.696204,1,2,-0.543379,1.239685,4.869115,-0.130915,0.0102864.871991,-0.062320,0.024434
16.731203,1,2,-0.616099,1.459623,4.878029,-0.130822,0.0107054.882297,-0.062066,0.025021
16.776201,1,2,-0.785779,1.726263,4.892540,-0.130659,0.0116474.893894,-0.061771,0.025725
16.816201,1,2,-0.695456,2.263100,4.901333,-0.130555,0.0121644.905566,-0.061468,0.026579
16.851201,1,2,-1.143318,3.322875,4.912859,-0.130409,0.0135104.915648,-0.061195,0.027805
16.886197,1,2,-1.306360,2.671621,4.922852,-0.130272,0.0138454.925653,-0.060916,0.027894
16.926197,1,2,-1.785099,3.775595,4.934346,-0.130112,0.0142024.937129,-0.060595,0.028300
16.971203,1,2,-1.628117,3.790217,4.947221,-0.129924,0.0151714.950000,-0.060224,0.029268
17.021199,1,2,-1.694777,3.294021,4.961850,-0.129704,0.0148284.965990,-0.059760,0.028995
17.066197,1,2,-2.657161,4.493176,4.974559,-0.129515,0.0146584.977359,-0.059430,0.028558
17.116178,1,2,-2.500178,3.692201,4.989307,-0.129308,0.0134274.992118,-0.059017,0.027378
17.156205,1,2,-2.736524,3.758869,5.000980,-0.129154,0.0128965.003802,-0.058699,0.026896
17.206192,1,2,-1.526832,2.480932,5.016629,-0.128961,0.0117775.019447,-0.058288,0.025876
17.246190,1,2,-2.149281,2.579671,5.028827,-0.128820,0.0111055.031702,-0.057974,0.025106
17.286174,1,2,-1.961998,2.680189,5.041010,-0.128687,0.0106805.043837,-0.057672,0.024630
17.326189,1,2,-1.320792,1.973671,5.053374,-0.128559,0.0100595.056258,-0.057370,0.024208
17.366184,1,2,-1.562038,2.312308,5.067329,-0.128418,0.0102525.068635,-0.057070,0.024330
17.416171,1,2,-1.404477,1.763350,5.079543,-0.128295,0.0098275.085406,-0.056666,0.023770
17.456188,1,2,-0.878412,1.405810,5.093332,-0.128162,0.0094735.096177,-0.056411,0.023523
17.501188,1,2,-1.368117,2.029267,5.108443,-0.128017,0.0096325.111254,-0.056054,0.023682
17.546185,1,2,-1.259037,1.797208,5.120358,-0.127902,0.0098965.123181,-0.055770,0.024094
17.591188,1,2,-1.149957,1.631809,5.136864,-0.127731,0.0106185.138154,-0.055404,0.024696
17.631193,1,2,-1.180255,1.882043,5.145838,-0.127635,0.0110385.148595,-0.055144,0.025136
17.671182,1,2,-1.386294,2.388580,5.157618,-0.127502,0.0115475.160372,-0.054845,0.025645
17.721167,1,2,-1.573577,2.477701,5.172324,-0.127328,0.0122445.175074,-0.054463,0.026342
17.761192,1,2,-1.471134,2.471641,5.184178,-0.127180,0.0126055.186925,-0.054148,0.026803
17.801166,1,2,-0.987489,2.251702,5.194607,-0.127045,0.0132935.198791,-0.053826,0.027510
17.851175,1,2,-1.283274,2.219623,5.209507,-0.126846,0.0132525.213776,-0.053414,0.027371
17.891180,1,2,-1.132352,2.233522,5.224616,-0.126646,0.0131145.227382,-0.053043,0.027213
17.936180,1,2,-1.525097,2.562541,5.236531,-0.126488,0.0134765.240808,-0.052675,0.027744
17.976175,1,2,-0.793570,2.082023,5.248730,-0.126321,0.0137935.251473,-0.052378,0.027842
18.016176,1,2,-1.282697,2.203222,5.260748,-0.126155,0.0136125.263533,-0.052042,0.027712
18.066176,1,2,-1.488737,2.552200,5.275528,-0.125954,0.0136685.278203,-0.051636,0.027815
18.116178,1,2,-1.428137,2.116604,5.288792,-0.125774,0.0135545.292994,-0.051226,0.027821
18.161157,1,2,-1.828097,2.988520,5.303332,-0.125572,0.0141015.306074,-0.050859,0.028101
18.206169,1,2,-2.342041,3.236979,5.316447,-0.125386,0.0143815.319110,-0.050491,0.028429
18.256174,1,2,-2.469878,3.735677,5.330806,-0.125178,0.0148265.333495,-0.050079,0.028974
18.301179,1,2,-2.984400,4.171996,5.343726,-0.124984,0.0151535.347790,-0.049662,0.029221
18.346171,1,2,-2.688615,4.053298,5.355234,-0.124809,0.0153615.359355,-0.049323,0.029430
18.391175,1,2,-2.931014,4.265398,5.369759,-0.124584,0.0155615.372450,-0.048935,0.029660
18.436166,1,2,-2.743732,4.453258,5.383083,-0.124373,0.0162405.385816,-0.048534,0.030388
18.476149,1,2,-2.967374,4.885296,5.396378,-0.124151,0.0173135.397591,-0.048171,0.031391
18.526165,1,2,-1.975268,4.257559,5.410152,-0.123908,0.0179985.412876,-0.047685,0.032146
18.571164,1,2,-2.174093,4.245439,5.423851,-0.123658,0.0181375.428129,-0.047193,0.032208
18.616167,1,2,-1.381389,3.563162,5.439320,-0.123377,0.0183015.442033,-0.046743,0.032450
18.663648,1,2,-1.580213,3.312922,5.454413,-0.123101,0.0178175.455605,-0.046304,0.031895
18.713664,1,2,-1.271731,3.332881,5.466700,-0.122885,0.0171465.471053,-0.045817,0.030922
18.753670,1,2,-1.495374,3.897516,5.480324,-0.122654,0.0172355.484507,-0.045399,0.031454
18.803664,1,2,-1.125714,3.042002,5.495537,-0.122391,0.0170505.499775,-0.044921,0.030873
18.848659,1,2,-1.306937,2.989241,5.509264,-0.122166,0.0156075.511893,-0.044554,0.029656
18.898660,1,2,-1.639659,3.110441,5.524058,-0.121937,0.0151195.526712,-0.044117,0.029168
18.943642,1,2,-1.428714,3.110441,5.537306,-0.121740,0.0147585.539971,-0.043733,0.028758
18.993645,1,2,-1.900815,3.451579,5.552010,-0.121525,0.0144675.556126,-0.043270,0.028437
19.033641,1,2,-2.015955,3.707877,5.562348,-0.121376,0.0142635.566461,-0.042976,0.028333
19.073655,1,2,-2.172938,3.615198,5.575762,-0.121186,0.0140535.578445,-0.042638,0.028152
19.128654,1,2,-1.882636,3.195280,5.590901,-0.120975,0.0138175.596475,-0.042133,0.028005
19.178657,1,2,-1.879827,3.469507,5.607377,-0.120746,0.0139455.610006,-0.041754,0.027994
19.228652,1,2,-1.606350,3.236293,5.622336,-0.120538,0.0139045.624946,-0.041336,0.028003
19.273653,1,2,-1.673342,3.414696,5.635810,-0.120350,0.0139915.640021,-0.040914,0.027963
19.328648,1,2,-1.922458,3.629639,5.650800,-0.120142,0.0137535.654871,-0.040499,0.027872
19.378655,1,2,-1.916368,3.781893,5.668700,-0.119894,0.0138525.669826,-0.040081,0.027930
19.423695,1,2,-1.308513,3.256352,5.680854,-0.119726,0.0141185.683477,-0.039699,0.028217
19.463695,1,2,-1.253121,2.721145,5.692993,-0.119554,0.0139405.697142,-0.039314,0.027961
19.503694,1,2,-0.888872,3.061467,5.705147,-0.119384,0.0142065.709307,-0.038972,0.028376
19.548690,1,2,-1.094777,2.919606,5.718816,-0.119189,0.0142475.721442,-0.038627,0.028296
19.603693,1,2,-0.803030,2.915303,5.734001,-0.118973,0.0143575.739697,-0.038111,0.028202
19.648657,1,2,-0.726333,2.962499,5.749185,-0.118760,0.0140725.751772,-0.037772,0.028220
19.693666,1,2,-0.465753,2.296623,5.764294,-0.118547,0.0137375.766952,-0.037344,0.027737
19.738656,1,2,-1.016058,2.956439,5.776343,-0.118382,0.0137555.778937,-0.037012,0.027853
19.783687,1,2,-0.471813,2.494101,5.789922,-0.118199,0.0134975.792468,-0.036639,0.027744
19.823631,1,2,-0.338493,2.163304,5.801941,-0.118035,0.0134165.804558,-0.036304,0.027515
19.868666,1,2,-0.683336,2.976398,5.815431,-0.117851,0.0141465.819439,-0.035890,0.028215
19.918661,1,2,-1.070020,3.089759,5.830196,-0.117640,0.0142515.832759,-0.035512,0.028398
19.963661,1,2,-0.906978,2.900120,5.844976,-0.117426,0.0148015.846050,-0.035131,0.028879
20.008643,1,2,-0.931218,3.295798,5.856874,-0.117248,0.0150145.859444,-0.034742,0.028915
20.048642,1,2,-1.040298,3.376357,5.868833,-0.117073,0.0148335.872839,-0.034357,0.028952
20.093622,1,2,-1.034238,3.435178,5.882007,-0.116876,0.0150155.884509,-0.034018,0.029014
20.133642,1,2,-0.828776,2.642044,5.894054,-0.116701,0.0140445.896583,-0.033674,0.028043
20.178638,1,2,-2.092427,3.481880,5.907122,-0.116519,0.0133845.909632,-0.033309,0.027234
20.218640,1,2,-2.722089,3.639440,5.918539,-0.116374,0.0118115.921001,-0.033007,0.025710
20.263614,1,2,-2.312318,3.298302,5.931667,-0.116226,0.0106575.934230,-0.032673,0.024607
20.308637,1,2,-2.723821,3.397041,5.945080,-0.116090,0.0094575.949035,-0.032318,0.023180
20.353654,1,2,-2.216513,2.531185,5.958554,-0.115972,0.0081605.962686,-0.032010,0.021984
20.388634,1,2,-3.014700,3.338220,5.968937,-0.115891,0.0074135.971432,-0.031820,0.021363
20.428634,1,2,-3.160717,3.338220,5.980656,-0.115807,0.0070315.983178,-0.031571,0.021080
20.473632,1,2,-3.445536,3.642998,5.993815,-0.115715,0.0068675.996321,-0.031294,0.020866
20.513614,1,2,-3.179474,3.057681,6.005909,-0.115636,0.0060446.008472,-0.031046,0.020045
20.558631,1,2,-2.568569,2.046386,6.021320,-0.115545,0.0061096.023925,-0.030736,0.020258
20.603628,1,2,-2.260087,2.225684,6.033460,-0.115471,0.0061286.035988,-0.030493,0.020326
20.678609,1,2,-1.860705,1.652487,6.039627,-0.115433,0.0062626.059048,-0.030018,0.020594
20.723615,1,2,-1.823768,1.294948,6.064177,-0.115273,0.0062066.065198,-0.029893,0.020284
20.773619,1,2,-2.446215,1.980782,6.076482,-0.115196,0.0063756.077501,-0.029643,0.020453
20.823619,1,2,-1.877731,1.342705,6.100882,-0.115038,0.0072066.104973,-0.029076,0.021376
20.868608,1,2,-1.895334,1.532343,6.114478,-0.114936,0.0078886.118536,-0.028781,0.022058
20.918624,1,2,-0.957767,0.839726,6.130040,-0.114807,0.0091416.132535,-0.028465,0.023487
20.953623,1,2,-1.229312,1.241464,6.140531,-0.114704,0.0103246.143037,-0.028213,0.024423
21.003610,1,2,-0.884470,1.229344,6.155597,-0.114542,0.0116206.158100,-0.027836,0.025917
21.048617,1,2,-1.785099,1.996460,6.168683,-0.114382,0.0127906.171167,-0.027490,0.026937
21.093615,1,2,-1.374175,2.202500,6.181934,-0.114204,0.0142086.184340,-0.027127,0.028405
21.133613,1,2,-1.701414,2.889058,6.193309,-0.114037,0.0155526.195741,-0.026797,0.029848
21.183597,1,2,-2.765669,4.068263,6.206050,-0.113828,0.0170636.209767,-0.026366,0.031178
21.223609,1,2,-2.821364,4.504583,6.218638,-0.113613,0.0174846.222381,-0.025971,0.031600
21.273598,1,2,-2.701318,4.517426,6.232593,-0.113363,0.0184676.235026,-0.025565,0.032714
21.318598,1,2,-3.064341,4.917386,6.247103,-0.113087,0.0196076.248076,-0.025132,0.033685
21.363607,1,2,-2.834638,4.964087,6.260337,-0.112821,0.0208776.261305,-0.024679,0.034955
21.418609,1,2,-2.332235,4.742369,6.275326,-0.112502,0.0217276.279332,-0.024040,0.035896
21.458589,1,2,-2.198915,4.754489,6.287374,-0.112237,0.0223386.289845,-0.023660,0.036487
21.498604,1,2,-1.895915,4.669649,6.301146,-0.111929,0.0226276.302097,-0.023214,0.036705
21.533590,1,2,-1.683238,3.943171,6.310492,-0.111718,0.0225096.312984,-0.022814,0.036658
21.568588,1,2,-1.150535,3.450532,6.321429,-0.111472,0.0222156.325506,-0.022357,0.036188
21.613611,1,2,-0.950555,3.020272,6.335485,-0.111164,0.0213706.339526,-0.021855,0.035343
21.663599,1,2,-0.792992,3.243760,6.352512,-0.110806,0.0204686.353442,-0.021368,0.034546
21.708587,1,2,-0.671216,2.797823,6.366269,-0.110525,0.0201146.367194,-0.020893,0.034192
21.748602,1,2,-0.568196,2.916521,6.377056,-0.110311,0.0196206.381006,-0.020425,0.033641
21.793601,1,2,-0.296074,2.861981,6.390574,-0.110047,0.0195606.394534,-0.019971,0.033531
21.833583,1,2,-0.707575,3.967734,6.402546,-0.109814,0.0196266.404913,-0.019622,0.033773
21.878583,1,2,-0.810018,3.281899,6.415824,-0.109552,0.0197606.418215,-0.019172,0.033809
21.923585,1,2,-0.713635,3.897516,6.430513,-0.109260,0.0202096.431414,-0.018723,0.034287
21.968579,1,2,-1.384562,3.893958,6.442201,-0.109021,0.0205196.445991,-0.018219,0.034588
22.018594,1,2,-1.868784,4.751974,6.455028,-0.108757,0.0204496.460208,-0.017727,0.034388
22.063582,1,2,-1.815399,4.891354,6.469415,-0.108466,0.0199066.473210,-0.017283,0.033826
22.113575,1,2,-1.555396,4.724176,6.482618,-0.108205,0.0196926.487803,-0.016790,0.033879
22.158594,1,2,-1.955965,5.042226,6.498686,-0.107891,0.0193706.501075,-0.016344,0.033420
22.203574,1,2,-1.021847,4.730076,6.512339,-0.107627,0.0193616.514693,-0.015889,0.033509
22.258590,1,2,-1.466901,4.777244,6.527327,-0.107338,0.0191236.531190,-0.015339,0.033242
22.298595,1,2,-1.631574,4.353126,6.540948,-0.107086,0.0177286.543292,-0.014947,0.031777
22.338571,1,2,-1.381213,4.507938,6.553086,-0.106870,0.0177486.555486,-0.014559,0.031699
22.378578,1,2,-1.026802,3.702547,6.566873,-0.106635,0.0163066.567723,-0.014179,0.030384
22.418604,1,2,-1.093545,3.394721,6.577570,-0.106463,0.0156136.581536,-0.013764,0.029339
22.463588,1,2,-1.050701,3.816311,6.591343,-0.106255,0.0148146.593715,-0.013410,0.028617
22.503582,1,2,-1.655473,3.294264,6.603358,-0.106092,0.0121626.607212,-0.013043,0.025836
22.553584,1,2,-1.344489,3.277700,6.616966,-0.105935,0.0109166.622362,-0.012660,0.024364
22.603583,1,2,-1.088007,2.294812,6.633800,-0.105767,0.0091706.636132,-0.012334,0.023170
22.648586,1,2,-1.288760,2.131231,6.645938,-0.105663,0.0076076.649797,-0.012028,0.021430
22.698567,1,2,-1.616000,2.415328,6.662457,-0.105550,0.0060066.664738,-0.011719,0.020054
22.748563,1,2,-1.955360,2.568607,6.675721,-0.105474,0.0054966.680986,-0.011399,0.019636
22.788563,1,2,-2.288083,2.744347,6.687441,-0.105409,0.0056096.691143,-0.011199,0.019726
22.828577,1,2,-2.899566,3.224866,6.701847,-0.105326,0.0058076.704091,-0.010941,0.019955
22.868578,1,2,-2.972864,3.382426,6.711901,-0.105267,0.0059466.714143,-0.010741,0.020093
22.913558,1,2,-3.632827,4.246505,6.726127,-0.105180,0.0062416.726941,-0.010482,0.020319
22.963577,1,2,-3.972187,3.889687,6.738986,-0.105100,0.0059746.741283,-0.010192,0.019924
23.003557,1,2,-4.123687,3.564949,6.750720,-0.105034,0.0051476.754515,-0.009933,0.019019
23.043571,1,2,-4.015761,3.475828,6.764104,-0.104971,0.0042446.764912,-0.009739,0.018322
23.088572,1,2,-3.828478,3.330388,6.776228,-0.104923,0.0038186.778549,-0.009493,0.017768
23.143571,1,2,-3.743638,2.355451,6.792899,-0.104863,0.0032076.796673,-0.009174,0.017128
23.183557,1,2,-4.076350,2.686242,6.804918,-0.104827,0.0027306.807220,-0.008995,0.016829
23.228553,1,2,-4.270270,2.633481,6.816878,-0.104796,0.0023516.820678,-0.008772,0.016273
23.268555,1,2,-3.689665,1.957264,6.830548,-0.104765,0.0023916.832862,-0.008573,0.016540
23.308551,1,2,-3.816925,2.269882,6.842524,-0.104734,0.0029526.844821,-0.008372,0.017051
23.353552,1,2,-3.309041,2.253481,6.856210,-0.104690,0.0037346.858535,-0.008134,0.017932
23.398583,1,2,-3.526046,2.033542,6.871367,-0.104627,0.0046366.872159,-0.007885,0.018714
23.433571,1,2,-3.212081,2.083801,6.881888,-0.104574,0.0057206.884179,-0.007654,0.020017
23.473572,1,2,-2.866662,1.637864,6.892589,-0.104506,0.0069066.894937,-0.007433,0.021203
23.513548,1,2,-2.503640,2.121940,6.904926,-0.104411,0.0089556.907242,-0.007161,0.023252
23.558546,1,2,-2.187943,1.754783,6.917247,-0.104293,0.0103616.922621,-0.006791,0.025096
23.608545,1,2,-2.356469,1.980781,6.932465,-0.104120,0.0124506.936304,-0.006437,0.026867
23.648545,1,2,-2.114070,2.457020,6.944516,-0.103962,0.0141496.948232,-0.006107,0.028663
23.693559,1,2,-1.521346,2.132282,6.959522,-0.103739,0.0158396.963308,-0.005665,0.030305
23.733543,1,2,-1.974113,2.929699,6.971408,-0.103543,0.0173886.973644,-0.005346,0.031585
23.778542,1,2,-1.345606,2.770360,6.984718,-0.103302,0.0188086.987010,-0.004914,0.033105
23.823572,1,2,-1.810494,3.359958,6.999633,-0.103011,0.0203987.001874,-0.004412,0.034744
23.868541,1,2,-1.175349,2.932201,7.011667,-0.102758,0.0216527.013933,-0.003987,0.035800
23.913557,1,2,-1.035392,2.736502,7.025409,-0.102460,0.0219407.027655,-0.003495,0.036138
23.953552,1,2,-1.452377,3.364239,7.037307,-0.102194,0.0226487.041078,-0.003005,0.036768
23.998546,1,2,-1.095415,3.321819,7.050899,-0.101886,0.0229357.053120,-0.002561,0.037083
24.048554,1,2,-1.082718,3.069801,7.065857,-0.101539,0.0232897.068086,-0.002003,0.037289
24.083538,1,2,-1.385140,3.691478,7.076104,-0.101300,0.0234807.078238,-0.001623,0.037578
24.128551,1,2,-1.723922,4.085377,7.088946,-0.100996,0.0239547.092544,-0.001081,0.038072
24.168551,1,2,-1.446320,3.980587,7.100707,-0.100714,0.0240187.102921,-0.000686,0.038116
24.213568,1,2,-2.189969,4.655027,7.112214,-0.100436,0.0242267.117211,-0.000139,0.037967
24.253547,1,2,-1.797800,4.513868,7.126720,-0.100089,0.0236847.128892,0.000303,0.037684
24.293551,1,2,-1.906880,4.647188,7.138376,-0.099815,0.0234997.139074,0.000685,0.037577
24.333546,1,2,-2.179003,4.899929,7.148562,-0.099575,0.0234917.150725,0.001124,0.037491
24.378529,1,2,-2.179003,4.704230,7.161929,-0.099264,0.0230337.164116,0.001623,0.037033
24.428547,1,2,-1.919000,4.508530,7.176825,-0.098926,0.0222997.179006,0.002170,0.036200
24.473527,1,2,-1.876580,4.278250,7.190476,-0.098627,0.0215987.192652,0.002660,0.035696
24.513526,1,2,-1.767500,4.369150,7.202523,-0.098368,0.0212207.204723,0.003089,0.035220
24.553542,1,2,-1.132355,3.858331,7.213324,-0.098142,0.0204797.217080,0.003521,0.034402
24.603532,1,2,-0.908135,3.147532,7.230350,-0.097805,0.0185887.232570,0.004041,0.032292
24.648540,1,2,-1.016635,2.680906,7.244361,-0.097557,0.0169027.246561,0.004483,0.030754
24.688543,1,2,-0.774813,2.952882,7.256649,-0.097353,0.0164297.260360,0.004906,0.030450
24.773538,2,2,-0.683336,2.765023,7.281029,-0.096967,0.014738-0.281055,-0.002876,0.069764
24.818538,2,2,-0.913327,1.982561,7.293660,-0.096789,0.012440-0.268633,-0.002021,0.066673
24.863524,2,2,-0.241245,1.461402,7.307174,-0.096649,0.008127-0.256584,-0.001238,0.062835
24.908535,2,2,0.484799,1.297783,7.317779,-0.096579,0.004862-0.244695,-0.000510,0.059439
24.943534,2,2,0.376874,1.943700,7.328250,-0.096540,0.002337-0.235590,0.000023,0.057290
24.978517,2,2,0.328971,2.850196,7.337056,-0.096525,0.000629-0.226843,0.000518,0.055631
25.013516,2,2,0.232588,4.005152,7.345593,-0.096526,-0.000984-0.218364,0.000985,0.053969
25.053535,2,2,-0.045017,5.144430,7.355149,-0.096543,-0.002978-0.207653,0.001553,0.051694
25.103539,2,2,-0.140823,6.025630,7.365829,-0.096588,-0.005995-0.195772,0.002149,0.048051
25.148532,2,2,0.421602,6.755330,7.377813,-0.096682,-0.010428-0.186154,0.002596,0.044129
25.203529,2,2,0.713058,7.509267,7.390185,-0.096844,-0.016240-0.172563,0.003156,0.037444
25.243535,2,2,1.065115,8.654605,7.401369,-0.097057,-0.022415-0.162582,0.003507,0.032044
25.288528,2,2,2.233538,8.256091,7.412956,-0.097354,-0.029622-0.150922,0.003843,0.024690
25.323526,2,2,2.355892,8.940870,7.422082,-0.097649,-0.035973-0.141794,0.004043,0.018141
25.368526,2,2,3.083667,8.556255,7.434065,-0.098131,-0.045696-0.128364,0.004222,0.007053
25.403510,2,2,3.853862,8.927693,7.443571,-0.098600,-0.054613-0.118832,0.004252,-0.002210
25.443527,2,2,3.945916,9.105935,7.454492,-0.099249,-0.065438-0.107996,0.004178,-0.013086
25.483508,2,2,3.953708,8.821838,7.466837,-0.100136,-0.080002-0.098289,0.004003,-0.024818
25.523525,2,2,4.753626,8.034763,7.476792,-0.100992,-0.093461-0.085517,0.003588,-0.041997
25.568512,2,2,5.154162,7.929964,7.489340,-0.102265,-0.110988-0.072966,0.002963,-0.059969
25.603507,2,2,5.506795,7.086570,7.499112,-0.103417,-0.126328-0.064478,0.002406,-0.073399
25.643502,2,2,5.132233,6.969655,7.510227,-0.104919,-0.144912-0.053329,0.001497,-0.092182
25.688520,2,2,4.213423,7.773131,7.522283,-0.106796,-0.166845-0.039867,0.000105,-0.116519
25.733517,2,2,4.388586,8.193050,7.534295,-0.108940,-0.189074-0.029113,-0.001247,-0.136542
25.773512,2,2,4.026141,8.470030,7.543250,-0.110724,-0.206847-0.018834,-0.002751,-0.156572
25.813501,2,2,3.849824,9.068190,7.556066,-0.113566,-0.232525-0.007129,-0.004723,-0.180092
25.858503,2,2,3.589822,9.056793,7.567961,-0.116523,-0.2577200.003586,-0.006782,-0.202537
25.908515,2,2,3.680144,9.279233,7.579805,-0.119793,-0.2838050.018272,-0.010022,-0.234517
25.948515,2,2,3.729201,8.944878,7.591830,-0.123457,-0.3103310.027801,-0.012388,-0.255148
25.993511,2,2,3.566736,8.612301,7.604261,-0.127617,-0.3390250.041879,-0.016275,-0.287084
26.033496,2,2,3.621853,8.660781,7.613879,-0.131115,-0.3622210.053018,-0.019705,-0.313673
26.073494,2,2,3.900035,8.433003,7.626073,-0.135920,-0.3918050.062679,-0.022944,-0.336622
26.123512,2,2,3.639456,8.031265,7.638434,-0.141225,-0.4227200.076724,-0.028102,-0.371125
26.168496,2,2,3.239504,7.021764,7.650674,-0.146942,-0.4547210.089256,-0.033186,-0.402978
26.208526,2,2,2.772884,6.770802,7.662794,-0.153078,-0.4860790.100291,-0.038050,-0.430895
26.253507,2,2,2.149281,5.298945,7.673570,-0.158943,-0.5146850.112741,-0.043990,-0.463041
26.293505,2,2,1.827523,4.402065,7.684211,-0.165139,-0.5433410.125046,-0.050355,-0.495186
26.338508,2,2,1.451226,2.745905,7.697248,-0.173299,-0.5787280.135807,-0.056340,-0.523545
26.388489,2,2,0.554923,1.749563,7.707360,-0.180085,-0.6070390.148888,-0.064171,-0.558587
26.438509,2,2,0.195651,0.988838,7.720809,-0.189757,-0.6427560.162667,-0.073095,-0.593614
26.478507,2,2,-0.410349,0.923234,7.730068,-0.196843,-0.6666740.172251,-0.079709,-0.617186
26.523507,2,2,-0.508463,1.051550,7.739032,-0.204041,-0.6888640.181538,-0.086436,-0.638783
26.568510,2,2,-0.819254,0.752109,7.750973,-0.214128,-0.7163370.192801,-0.094999,-0.663557
26.608501,2,2,-1.401015,0.675108,7.758256,-0.220561,-0.7329640.201497,-0.101915,-0.682390
26.648529,2,2,-1.946992,1.173084,7.766345,-0.227959,-0.7507110.209916,-0.108865,-0.699693
26.693519,2,2,-2.358757,1.269472,7.775320,-0.236474,-0.7692300.219314,-0.116910,-0.717915
26.733503,2,2,-3.050383,1.375319,7.783885,-0.244896,-0.7869630.227219,-0.123911,-0.733839
26.783528,2,2,-4.035215,1.678822,7.792035,-0.253202,-0.8045530.235789,-0.131761,-0.751181
26.833521,2,2,-5.051815,1.992768,7.801688,-0.263412,-0.8240370.245974,-0.141441,-0.770567
26.873527,2,2,-5.676114,1.803030,7.808592,-0.270963,-0.8378890.253293,-0.148634,-0.784319
26.918533,2,2,-5.885963,1.423554,7.815684,-0.278932,-0.8506960.261744,-0.157176,-0.798591
26.958517,2,2,-6.217057,1.168286,7.823573,-0.288037,-0.8643740.270098,-0.165858,-0.812071
27.003537,2,2,-5.791531,0.816886,7.831509,-0.297442,-0.8763180.277650,-0.173898,-0.822302
27.048481,2,2,-5.358718,0.600138,7.839381,-0.306981,-0.8858870.286037,-0.183009,-0.831525
27.098511,2,2,-5.273030,0.073768,7.848198,-0.317861,-0.8946930.295442,-0.193406,-0.840479
27.138512,2,2,-4.857996,-0.660702,7.855188,-0.326632,-0.9017570.302908,-0.201796,-0.847394
27.173522,2,2,-5.051722,-0.999286,7.861270,-0.334363,-0.9076530.309371,-0.209151,-0.853242
27.218484,2,2,-5.275941,-1.458066,7.867975,-0.342996,-0.9138810.317426,-0.218441,-0.859994
27.258514,2,2,-5.174076,-1.470909,7.875416,-0.352694,-0.9190020.324485,-0.226673,-0.864344
27.303477,2,2,-4.823751,-1.875149,7.882045,-0.361410,-0.9223120.333240,-0.236970,-0.868261
27.348480,2,2,-5.810375,-1.177194,7.889838,-0.371728,-0.9254960.339871,-0.244820,-0.870443
27.393493,2,2,-5.369727,-1.284495,7.896117,-0.380074,-0.9261430.347362,-0.253714,-0.871321
27.433505,2,2,-7.493897,0.588375,7.902525,-0.388604,-0.9264410.353401,-0.260891,-0.871439
27.483473,2,2,-8.282273,0.732035,7.908783,-0.396945,-0.9277310.360908,-0.269830,-0.872366
27.528491,2,2,-7.075469,0.319956,7.916372,-0.407052,-0.9244910.368343,-0.278661,-0.868597
27.563481,2,2,-4.965151,0.109636,7.922216,-0.414758,-0.9183260.374649,-0.286074,-0.862332
27.613492,2,2,-5.476787,-0.505981,7.930646,-0.425721,-0.9120530.383647,-0.296515,-0.856406
27.658497,2,2,-4.793162,-1.618517,7.938293,-0.435559,-0.9072340.391890,-0.305980,-0.851388
27.703463,2,2,-4.430150,-1.801043,7.945156,-0.444297,-0.9020370.400086,-0.315289,-0.845185
27.748466,2,2,-3.843484,-1.402529,7.953592,-0.454880,-0.8919120.408188,-0.324346,-0.835672
27.793467,2,2,-3.600507,-2.451965,7.961401,-0.464481,-0.8833360.416512,-0.333484,-0.827047
27.843520,2,2,-2.898701,-3.286467,7.970178,-0.475076,-0.8737520.426855,-0.344621,-0.816553
27.883487,2,2,-2.384755,-3.866448,7.977219,-0.483423,-0.8650480.433379,-0.351518,-0.808709
27.923485,2,2,-2.856281,-3.384872,7.984162,-0.491501,-0.8552590.440735,-0.359160,-0.798773
27.968467,2,2,-2.801741,-4.166613,7.991917,-0.500328,-0.8432310.448945,-0.367503,-0.786695
28.013472,2,2,-3.170824,-3.954512,7.993597,-0.502212,-0.8406250.456946,-0.375441,-0.774179
28.063467,2,2,-3.438041,-3.640115,8.000298,-0.509626,-0.8293620.456946,-0.375441,-0.774179
28.118453,2,2,-3.688809,-2.742179,8.016037,-0.526295,-0.7959680.475347,-0.392828,-0.736945
28.168461,2,2,-4.355410,-1.914461,8.021857,-0.532171,-0.7826030.485245,-0.401634,-0.714859
28.218503,2,2,-4.974096,-0.911001,8.033896,-0.543822,-0.7528050.493359,-0.408553,-0.695478
28.258517,2,2,-6.154640,0.453553,8.040739,-0.550137,-0.7353220.500460,-0.414388,-0.677997
28.303481,2,2,-6.470336,0.139157,8.049553,-0.557949,-0.7130580.509743,-0.421709,-0.655683
28.353466,2,2,-6.266605,0.304555,8.057960,-0.565083,-0.6919920.518546,-0.428349,-0.634517
28.408483,2,2,-5.597409,0.251794,8.068641,-0.573718,-0.6646580.529769,-0.436398,-0.606737
28.453466,2,2,-6.124628,0.805032,8.077478,-0.580492,-0.6404750.540039,-0.443344,-0.579768
28.488449,2,2,-5.266419,0.647473,8.085915,-0.586648,-0.6172900.546681,-0.447623,-0.562107
28.528450,2,2,-4.788834,0.605053,8.093498,-0.591928,-0.5960010.555679,-0.453158,-0.537733
28.573473,2,2,-5.429461,1.141890,8.103256,-0.598373,-0.5685960.565796,-0.459025,-0.510329
28.618444,2,2,-4.474291,0.473512,8.113673,-0.604848,-0.5402930.577786,-0.465517,-0.478794
28.658481,2,2,-4.456109,0.824268,8.124102,-0.610926,-0.5113510.587325,-0.470335,-0.452936
28.693455,2,2,-4.111844,0.624289,8.131079,-0.614766,-0.4916120.594568,-0.473786,-0.432998
28.733453,2,2,-4.274887,0.406129,8.141890,-0.620371,-0.4616300.604430,-0.478208,-0.406446
28.773461,2,2,-4.559706,0.694507,8.151541,-0.625033,-0.4347820.615526,-0.482810,-0.376318
28.828440,2,2,-4.645123,0.415747,8.163694,-0.630455,-0.4009770.627990,-0.487517,-0.342463
28.868455,2,2,-5.432921,0.381166,8.174538,-0.634882,-0.3707540.639131,-0.491321,-0.312140
28.908456,2,2,-5.645021,-0.062992,8.183384,-0.638217,-0.3465940.648115,-0.494118,-0.288030
28.943468,2,2,-4.866168,-1.199767,8.192423,-0.641375,-0.3221360.657396,-0.496762,-0.263423
28.988439,2,2,-5.791615,-1.567647,8.204330,-0.645163,-0.2902210.669447,-0.499830,-0.231409
29.033485,2,2,-6.410310,-1.136332,8.216009,-0.648466,-0.2571240.681343,-0.502450,-0.198164
29.083456,2,2,-6.230242,-2.004689,8.228070,-0.651443,-0.2227870.696368,-0.505168,-0.155728
29.153453,2,2,-6.486493,-1.918793,8.249752,-0.655677,-0.1581560.715455,-0.507652,-0.098900
29.203450,2,2,-5.556156,-2.928316,8.262309,-0.657462,-0.1199100.728140,-0.508693,-0.060306
29.248432,2,2,-6.851265,-1.709498,8.274570,-0.658720,-0.0794930.740410,-0.509214,-0.019742
29.293468,2,2,-6.029990,-2.419999,8.287248,-0.659495,-0.0381310.754633,-0.509198,0.026437
29.338450,2,2,-5.861464,-2.170635,8.300175,-0.659743,0.0049640.766046,-0.508705,0.065062
29.383450,2,2,-6.037781,-1.698532,8.314217,-0.659354,0.0549970.780114,-0.507464,0.115244
29.428445,2,2,-6.286242,-1.329449,8.325553,-0.658527,0.0957960.791334,-0.505960,0.156092
29.478431,2,2,-5.638976,-0.820986,8.338309,-0.657034,0.1423510.805291,-0.503430,0.207560
29.528427,2,2,-5.740841,-0.364754,8.355167,-0.654134,0.2027600.819246,-0.500155,0.257943
29.563444,2,2,-5.776624,0.481914,8.364998,-0.651962,0.2373110.830255,-0.497049,0.297507
29.603446,2,2,-5.546921,1.475755,8.374529,-0.649503,0.2727000.841046,-0.493530,0.338059
29.638440,2,2,-5.340304,1.973252,8.386738,-0.645825,0.3175730.850310,-0.490118,0.372756
29.678439,2,2,-4.916671,2.404661,8.394908,-0.643026,0.3473090.861056,-0.485697,0.412422
29.718455,2,2,-4.594337,2.847915,8.407286,-0.638271,0.3909030.871755,-0.480799,0.450705
29.773432,2,2,-4.005941,3.597575,8.419364,-0.633027,0.4330130.884812,-0.474135,0.497533
29.808438,2,2,-3.320585,3.566219,8.431360,-0.627210,0.4742840.895112,-0.468325,0.533938
29.848437,2,2,-2.847906,4.192176,8.440409,-0.622410,0.5053770.903845,-0.463002,0.564882
29.888421,2,2,-2.047988,3.952279,8.449540,-0.617200,0.5356830.915166,-0.455547,0.604031
29.923424,2,2,-3.140228,5.385994,8.460463,-0.610466,0.5733380.923154,-0.449887,0.632348
29.958453,2,2,-1.863302,4.455981,8.469185,-0.604685,0.6010220.931544,-0.443584,0.660033
30.013436,2,2,-0.978544,4.126962,8.480108,-0.596951,0.6354710.944128,-0.433431,0.702679
30.058432,2,2,-1.356860,4.414284,8.491374,-0.588336,0.6727490.953803,-0.424989,0.734648
30.098436,2,2,-1.337526,4.603922,8.501435,-0.580098,0.7031880.962191,-0.417233,0.761752
30.143440,2,2,-1.753357,4.295586,8.509789,-0.572848,0.7290020.971138,-0.408474,0.790503
30.193440,2,2,-1.607916,4.862720,8.520028,-0.563439,0.7606400.980706,-0.398530,0.821892
30.238435,2,2,-1.800104,4.100608,8.528797,-0.554887,0.7874090.988088,-0.390417,0.845332
30.273428,2,2,-2.095889,3.989749,8.535524,-0.548020,0.8065770.995255,-0.382175,0.867139
30.328426,2,2,-2.325592,4.716225,8.545591,-0.537228,0.8363981.003745,-0.371918,0.894269
30.373435,2,2,-2.718336,4.674527,8.553492,-0.528291,0.8594551.011116,-0.362540,0.917029
30.418443,2,2,-2.857139,3.728114,8.561214,-0.519164,0.8794461.019069,-0.351944,0.939016
30.458427,2,2,-3.020181,3.257937,8.568820,-0.509806,0.8988961.024613,-0.344263,0.954079
30.513426,2,2,-4.181390,3.677855,8.576776,-0.499613,0.9188511.032746,-0.332540,0.975982
30.558422,2,2,-4.356552,3.167037,8.583974,-0.490035,0.9354811.040060,-0.321536,0.994211
30.608422,2,2,-4.314710,2.864037,8.592444,-0.478334,0.9548151.046464,-0.311536,1.009999
30.648421,2,2,-4.423212,2.700418,8.598513,-0.469647,0.9688551.052045,-0.302528,1.024038
30.703403,2,2,-4.452360,1.943644,8.605875,-0.458749,0.9857981.059471,-0.290086,1.042631
30.753405,2,2,-3.895418,1.947202,8.613237,-0.447455,1.0023501.066827,-0.277239,1.060981
30.803405,2,2,-3.296057,1.959322,8.620984,-0.435106,1.0203501.072577,-0.266799,1.075534
30.843437,2,2,-3.336745,2.304741,8.626979,-0.425188,1.0351951.078016,-0.256567,1.090378
30.883416,2,2,-3.172548,2.266602,8.630903,-0.418517,1.0444491.082166,-0.248510,1.101134
30.933435,2,2,-2.983534,2.169642,8.637263,-0.407405,1.0586671.088409,-0.235990,1.116802
30.983422,2,2,-2.529612,3.033719,8.642707,-0.397586,1.0722211.093246,-0.225925,1.130455
31.028414,2,2,-1.869074,3.960897,8.649077,-0.385672,1.0885761.098436,-0.214715,1.145062
31.078401,2,2,-2.115225,4.601477,8.654188,-0.375780,1.1003481.102931,-0.204660,1.156636
31.123395,2,2,-1.951028,5.565015,8.659047,-0.366114,1.1108811.107262,-0.194681,1.167268
31.168422,2,2,-1.555978,4.736252,8.664346,-0.355278,1.1212821.111932,-0.183592,1.177372
31.208411,2,2,-1.488740,5.886930,8.668501,-0.346591,1.1290791.115139,-0.175799,1.184262
31.253420,2,2,-1.482103,6.870429,8.672474,-0.338118,1.1365751.119072,-0.166031,1.192565
31.298412,2,2,-1.287029,6.725712,8.676380,-0.329633,1.1425381.122941,-0.156208,1.198793
31.338406,2,2,-0.899189,6.994854,8.681298,-0.318789,1.1481901.126804,-0.146240,1.203786
31.373409,2,2,-1.200457,7.582674,8.684693,-0.311212,1.1514201.129788,-0.138445,1.206966
31.418480,2,2,-0.824160,7.577337,8.689060,-0.301375,1.1544861.133593,-0.128408,1.209933
31.473432,2,2,-0.810886,7.963398,8.693850,-0.290512,1.1563801.138185,-0.116201,1.211645
31.518399,2,2,0.030877,7.459362,8.698195,-0.280636,1.1560841.142000,-0.106045,1.211449
31.563423,2,2,0.104751,7.901742,8.703534,-0.268510,1.1553271.145813,-0.095905,1.210511
31.613424,2,2,-0.002020,7.591626,8.707453,-0.259648,1.1526921.150095,-0.084582,1.207068
31.663425,2,2,0.047614,8.023665,8.712803,-0.247681,1.1470381.154335,-0.073519,1.201595
31.703440,2,2,-0.005829,7.850846,8.716714,-0.239066,1.1411861.158233,-0.063532,1.194673
31.753423,2,2,0.483818,7.924293,8.721774,-0.228124,1.1335411.162681,-0.052376,1.187273
31.798423,2,2,1.235484,7.441496,8.726432,-0.218236,1.1265221.166825,-0.042196,1.180256
31.838414,2,2,1.353524,7.680199,8.731176,-0.208356,1.1188121.170552,-0.033225,1.173171
31.883393,2,2,2.594255,7.390735,8.734890,-0.200761,1.1121051.174339,-0.024295,1.165443
31.928419,2,2,2.198166,8.571278,8.739598,-0.191315,1.1036481.178483,-0.014737,1.156836
31.975922,2,2,2.493703,8.017562,8.745036,-0.180663,1.0921441.182899,-0.004809,1.146058
32.025920,2,2,3.392263,8.627094,8.750526,-0.170223,1.0804901.188280,0.006903,1.133282
32.065893,2,2,3.168133,9.076424,8.755454,-0.161099,1.0693601.192227,0.015248,1.123422
32.110913,2,2,3.223801,10.242929,8.759911,-0.153050,1.0591041.196251,0.023538,1.112820
32.160909,2,2,3.420243,10.612691,8.764986,-0.144130,1.0464391.201819,0.034640,1.097219
32.200878,2,2,3.316986,11.114625,8.769995,-0.135589,1.0325831.205377,0.041502,1.086151
32.240877,2,2,3.792768,11.420377,8.774762,-0.127707,1.0189161.209673,0.049547,1.072284
32.280899,2,2,3.606418,12.130128,8.779505,-0.120110,1.0048981.214054,0.057479,1.058120
32.325890,2,2,3.848760,11.670809,8.785968,-0.110132,0.9844941.219386,0.066779,1.039677
32.375898,2,2,3.867998,11.468284,8.792008,-0.101225,0.9630361.226216,0.078094,1.013506
32.415894,2,2,4.711601,10.398181,8.797786,-0.093064,0.9438911.230917,0.085518,0.996570
32.455889,2,2,4.971458,9.888134,8.803760,-0.084973,0.9227691.237179,0.094977,0.972301
32.505895,2,2,4.534152,9.317789,8.811436,-0.075097,0.8938691.244332,0.105181,0.942856
32.550872,2,2,4.432793,8.062532,8.818660,-0.066339,0.8651011.250355,0.113284,0.916939
32.595892,2,2,3.819472,7.026119,8.826118,-0.057825,0.8340581.258157,0.123146,0.882255
32.640888,2,2,3.223667,7.254533,8.833624,-0.049777,0.8026651.265247,0.131523,0.850664
32.695876,2,2,3.015564,6.554737,8.842196,-0.041183,0.7667391.273357,0.140473,0.814638
32.745871,2,2,2.223438,6.518377,8.851890,-0.032182,0.7263281.281746,0.149078,0.777919
32.780910,2,2,2.179863,6.494137,8.858174,-0.026721,0.7007821.288636,0.155693,0.748533
32.820875,2,2,1.962281,6.217880,8.865600,-0.020620,0.6711001.294842,0.161332,0.722592
32.870876,2,2,1.755664,7.011015,8.875076,-0.013352,0.6338361.303955,0.169096,0.685229
32.915890,2,2,1.278080,6.977157,8.882894,-0.007764,0.6033641.313327,0.176494,0.647174
32.965877,2,2,1.876864,6.394342,8.893142,-0.000961,0.5654121.322409,0.183143,0.612769
33.005883,2,2,1.689582,6.148385,8.904922,0.006187,0.5214001.331743,0.189482,0.576583
33.050878,2,2,2.205258,5.329230,8.912962,0.010673,0.4924541.341772,0.195770,0.539269
33.105862,2,2,2.223438,5.555229,8.925675,0.017156,0.4462241.352999,0.202204,0.497025
33.145893,2,2,2.047996,5.950907,8.936110,0.021931,0.4077171.363124,0.207476,0.458715
33.195878,2,2,2.508841,5.947365,8.946762,0.026315,0.3691621.373567,0.212410,0.420062
33.250861,2,2,2.605522,6.658164,8.960037,0.031123,0.3213471.387791,0.218360,0.367666
33.300852,2,2,2.688583,6.517728,8.972349,0.034948,0.2765811.398696,0.222336,0.327135
33.350856,2,2,2.941324,6.302070,8.985198,0.038304,0.2297441.412650,0.226711,0.275767
33.395880,2,2,2.834745,6.431832,8.996824,0.040791,0.1866941.424281,0.229758,0.231978
33.440869,2,2,3.131686,6.252534,9.010216,0.043012,0.1365981.436180,0.232318,0.186608
33.485853,2,2,2.909967,6.557313,9.021146,0.044316,0.0958601.448390,0.234368,0.140945
33.525848,2,2,3.322047,6.055055,9.032343,0.045189,0.0543831.458214,0.235606,0.104246
33.570867,2,2,3.667468,5.344979,9.044984,0.045605,0.0060541.473562,0.236797,0.044978
33.620870,2,2,3.320268,6.265376,9.058821,0.045351,-0.0482911.486040,0.237086,-0.003897
33.670866,2,2,2.947050,6.467858,9.071361,0.044470,-0.0978581.498547,0.236763,-0.053860
33.720868,2,2,2.735667,6.341307,9.086390,0.042563,-0.1603931.513749,0.235506,-0.116542
33.770868,2,2,2.733165,6.735206,9.101653,0.039645,-0.2232191.527757,0.233498,-0.173800
33.810850,2,2,3.094262,5.471894,9.113012,0.036822,-0.2693361.539271,0.231233,-0.220016
33.855852,2,2,1.670888,6.284988,9.125347,0.033109,-0.3218161.553068,0.227769,-0.278212
33.900841,2,2,0.977547,6.512766,9.137346,0.028800,-0.3732591.563899,0.224441,-0.323594
33.955840,2,2,0.215768,7.416760,9.151158,0.022378,-0.4284421.578435,0.219112,-0.384047
34.000860,2,2,0.544063,6.252186,9.163347,0.016999,-0.4822831.591826,0.213318,-0.437690
34.035859,2,2,0.303443,6.516324,9.173568,0.011407,-0.5240501.601051,0.208823,-0.474284
34.080843,2,2,0.054983,5.585588,9.183901,0.005171,-0.5671961.611682,0.203108,-0.517430
34.125859,2,2,0.355481,3.844592,9.195330,-0.002462,-0.6155601.624750,0.195245,-0.570866
34.165857,2,2,-0.106857,3.307032,9.206165,-0.010471,-0.6628401.634673,0.188612,-0.612975
34.215833,2,2,-0.332887,2.655365,9.216555,-0.018934,-0.7093791.646547,0.179846,-0.664292
34.260854,2,2,-0.600396,2.383532,9.225149,-0.026579,-0.7493681.655502,0.172578,-0.704083
34.305857,2,2,-0.800579,2.119617,9.235380,-0.036525,-0.7978731.665099,0.164102,-0.747367
34.355860,2,2,-1.187394,2.367304,9.244905,-0.046704,-0.8437131.675116,0.154427,-0.793059
34.410848,2,2,-1.390539,2.383139,9.253715,-0.057005,-0.8869861.686156,0.142674,-0.844307
34.465848,2,2,-1.440086,2.311489,9.262766,-0.068597,-0.9325681.694921,0.132430,-0.885653
34.515832,2,2,-1.502458,2.483932,9.271416,-0.080770,-0.9769101.702476,0.122872,-0.921727
34.565848,2,2,-1.422890,2.018767,9.278776,-0.092088,-1.0154381.712030,0.109707,-0.967881
34.605854,2,2,-0.501014,1.408506,9.284494,-0.101580,-1.0452981.717427,0.101677,-0.993804
34.645854,2,2,-0.574461,1.234602,9.290450,-0.112213,-1.0784051.723900,0.091403,-1.026763
34.695866,2,2,-0.677854,1.200215,9.295887,-0.122701,-1.1100841.730516,0.080062,-1.061786
34.745864,2,2,-0.871197,1.155293,9.301994,-0.135546,-1.1472171.736607,0.068750,-1.095280
34.795839,2,2,-0.992975,1.798710,9.306432,-0.145735,-1.1757901.741568,0.058806,-1.123655
34.840870,2,2,-1.193532,1.836849,9.310641,-0.156198,-1.2040151.746298,0.048617,-1.151831
34.880850,2,2,-1.291069,1.979787,9.314058,-0.165381,-1.2279591.750189,0.039624,-1.175676
34.930850,2,2,-1.315309,1.662888,9.317996,-0.176889,-1.2570121.755184,0.027137,-1.207678
34.975854,2,2,-1.092243,1.069008,9.321361,-0.187687,-1.2831601.759068,0.016545,-1.233728
35.020877,2,2,-1.212866,0.420587,9.324418,-0.198469,-1.3087661.762655,0.005928,-1.259135
35.065892,2,2,-1.244897,0.670104,9.327164,-0.209181,-1.3332851.765922,-0.004606,-1.283260
35.111075,2,2,-1.523080,0.661542,9.329881,-0.220995,-1.3587301.768898,-0.015056,-1.305953
35.165889,2,2,-1.529718,0.231282,9.332270,-0.232712,-1.3831381.772198,-0.027837,-1.332866
35.205874,2,2,-1.469691,-0.160839,9.333978,-0.242138,-1.4021901.774102,-0.035939,-1.349265
35.250844,2,2,-1.948431,0.032358,9.335645,-0.252484,-1.4220211.776536,-0.047267,-1.371256
35.295878,2,2,-2.722955,0.100796,9.336907,-0.261361,-1.4394491.778437,-0.057099,-1.390648
35.335876,2,2,-2.694386,-0.030744,9.338136,-0.271315,-1.4582971.779789,-0.064796,-1.405175
35.375850,2,2,-3.408888,0.239453,9.338955,-0.278982,-1.4724801.781172,-0.073444,-1.421123
35.415847,2,2,-3.326934,0.101853,9.339855,-0.288868,-1.4892031.782443,-0.082263,-1.435784
35.455877,2,2,-3.623873,0.232670,9.340443,-0.296574,-1.5014571.783708,-0.092096,-1.451271
35.495932,2,2,-4.204478,0.357428,9.341066,-0.306484,-1.5162031.784700,-0.100772,-1.464155
35.540898,2,2,-3.945630,0.042309,9.341591,-0.317512,-1.5313291.785705,-0.110728,-1.477564
35.581020,2,2,-4.569231,0.399125,9.341857,-0.325028,-1.5409161.786373,-0.118204,-1.487003
35.620841,2,2,-3.862521,-0.049314,9.342079,-0.333776,-1.5507831.787069,-0.126958,-1.496771
35.670914,2,2,-4.425523,0.287544,9.342231,-0.343442,-1.5604891.787810,-0.137648,-1.507154
35.720861,2,2,-4.269695,0.442602,9.342296,-0.354354,-1.5696331.788521,-0.149694,-1.517124
35.765805,2,2,-4.536334,0.597659,9.342267,-0.365087,-1.5781871.788952,-0.158183,-1.523879
35.810823,2,2,-5.038736,0.409800,9.342165,-0.374606,-1.5855221.789367,-0.167694,-1.531016
35.855835,2,2,-5.444755,0.526719,9.342001,-0.383961,-1.5920181.789711,-0.177013,-1.537513
35.895841,2,2,-5.742849,0.449718,9.341804,-0.392295,-1.5971441.789997,-0.186335,-1.543119
35.935829,2,2,-5.205242,0.392676,9.341571,-0.400570,-1.6010841.790188,-0.193607,-1.546332
35.980821,2,2,-6.064606,0.600495,9.341306,-0.408920,-1.6042821.790403,-0.203009,-1.549712
36.020818,2,2,-4.995450,-0.023684,9.340981,-0.418260,-1.6067731.790569,-0.211318,-1.551576
36.065798,2,2,-5.099047,0.002335,9.340677,-0.426657,-1.6075481.790747,-0.220769,-1.552632
36.115828,2,2,-5.498430,-0.238286,9.340241,-0.438353,-1.6083751.790936,-0.231406,-1.553227
36.155804,2,2,-5.698409,-0.644305,9.339919,-0.446900,-1.6085541.791087,-0.240003,-1.553355
36.200814,2,2,-5.686864,-0.829329,9.339568,-0.456243,-1.6076831.791252,-0.249321,-1.552386
36.235815,2,2,-5.935323,-1.130549,9.339300,-0.463623,-1.6061971.791413,-0.257696,-1.550590
36.280813,2,2,-5.869817,-1.867366,9.338979,-0.472940,-1.6037441.791612,-0.267061,-1.547889
36.320818,2,2,-6.130974,-1.768627,9.338747,-0.480217,-1.6008261.791786,-0.274236,-1.544626
36.365822,2,2,-7.081237,-1.863807,9.338470,-0.490138,-1.5962881.792036,-0.283181,-1.540745
36.415808,2,2,-7.222348,-1.957209,9.338236,-0.500181,-1.5910571.792396,-0.294197,-1.534758
36.455817,2,2,-7.852587,-1.491313,9.338108,-0.507149,-1.5864121.792662,-0.301146,-1.529767
36.505811,2,2,-8.125863,-2.214230,9.337990,-0.517003,-1.5782661.793109,-0.311096,-1.521373
36.605791,2,2,-6.814887,-3.386310,9.338019,-0.537241,-1.5582591.794153,-0.329231,-1.503076
36.695798,2,2,-6.814887,-3.386310,9.338019,-0.537241,-1.5582591.796038,-0.352300,-1.473189
36.815799,2,2,-3.192754,-3.615541,9.339982,-0.583612,-1.4941331.798930,-0.377361,-1.435660
36.855796,2,2,-2.548086,-3.919987,9.340688,-0.592080,-1.4790351.800138,-0.385818,-1.420313
36.911010,2,2,-3.494600,-1.836070,9.341771,-0.602810,-1.4591581.801835,-0.396376,-1.400734
36.955793,2,2,-3.592137,-2.154748,9.342912,-0.612337,-1.4419181.803352,-0.404860,-1.384942
37.005791,2,2,-4.227860,-1.827508,9.343903,-0.619626,-1.4276261.804939,-0.412980,-1.368907
37.055790,2,2,-5.444766,-0.995509,9.345290,-0.628728,-1.4097001.806861,-0.421999,-1.350931
37.095801,2,2,-5.416775,-1.177309,9.346701,-0.637033,-1.3932671.808762,-0.430222,-1.334251
37.135791,2,2,-5.732472,-1.031869,9.348276,-0.645432,-1.3756461.810590,-0.437581,-1.318522
37.185781,2,2,-6.586355,-1.495987,9.349797,-0.652860,-1.3606101.813078,-0.446897,-1.299551
37.235784,2,2,-7.054115,-1.266427,9.351943,-0.662494,-1.3404001.815517,-0.455401,-1.281135
37.285807,2,2,-6.596442,-1.963326,9.354559,-0.673131,-1.3162191.818480,-0.464991,-1.258796
37.335772,2,2,-7.371543,-2.254206,9.357224,-0.682964,-1.2934831.821696,-0.474627,-1.235863
37.385779,2,2,-7.112695,-2.579666,9.360188,-0.692950,-1.2685191.825261,-0.484509,-1.210601
37.435779,2,2,-6.690227,-2.588228,9.363436,-0.702928,-1.2408341.829089,-0.494297,-1.182965
37.485777,2,2,-5.408395,-3.759585,9.366775,-0.712335,-1.2151341.833386,-0.504445,-1.153938
37.525770,2,2,-5.481115,-3.525747,9.370280,-0.721426,-1.1875581.837448,-0.513319,-1.126016
37.580879,2,2,-5.390793,-3.033832,9.375289,-0.733242,-1.1485191.843136,-0.524723,-1.086681
37.615785,2,2,-5.336253,-3.470151,9.378420,-0.740027,-1.1251771.846192,-0.530418,-1.066469
37.670782,2,2,-5.977457,-2.631189,9.383072,-0.749392,-1.0909171.851401,-0.539521,-1.032307
37.715769,2,2,-4.992565,-3.272394,9.387659,-0.757911,-1.0584471.856448,-0.547704,-0.999640
37.755777,2,2,-5.343466,-3.255367,9.392410,-0.766080,-1.0257341.861679,-0.555592,-0.966778
37.805780,2,2,-5.174940,-3.080205,9.397996,-0.774943,-0.9875671.867770,-0.564098,-0.928661
37.860776,2,2,-4.643393,-3.305002,9.404720,-0.784718,-0.9446351.875077,-0.573483,-0.885531
37.905757,2,2,-5.061532,-2.670434,9.410434,-0.792362,-0.9086571.881234,-0.580776,-0.849256
37.945760,2,2,-4.517865,-2.991037,9.414456,-0.797410,-0.8836481.887066,-0.587212,-0.815910
37.990774,2,2,-4.765747,-3.541341,9.421607,-0.805796,-0.8421121.894048,-0.594387,-0.778591
38.045773,2,2,-5.183886,-3.040671,9.430473,-0.815282,-0.7907591.901803,-0.601749,-0.735576
38.090772,2,2,-5.070478,-3.173990,9.437318,-0.821960,-0.7517651.909804,-0.608707,-0.692364
38.130754,2,2,-6.286804,-3.457656,9.443527,-0.827596,-0.7181261.916372,-0.613993,-0.658676
38.170771,2,2,-7.038242,-2.678226,9.450084,-0.833157,-0.6832001.923200,-0.619118,-0.623849
38.210775,2,2,-6.453309,-4.136951,9.456101,-0.837924,-0.6528841.929562,-0.623572,-0.593334
38.255782,2,2,-8.310857,-3.381191,9.463846,-0.843636,-0.6129981.937547,-0.628755,-0.553203
38.295775,2,2,-8.663492,-4.077514,9.472081,-0.849204,-0.5719721.945218,-0.633324,-0.516788
38.335769,2,2,-8.351257,-4.822894,9.478721,-0.853350,-0.5402691.954107,-0.638163,-0.475759
38.375756,2,2,-9.139057,-4.569529,9.487407,-0.858340,-0.4978071.962101,-0.642112,-0.437911
38.420770,2,2,-8.675323,-5.259792,9.495739,-0.862688,-0.4587661.972796,-0.646836,-0.388454
38.465765,2,2,-9.673492,-5.890032,9.507212,-0.868000,-0.4036101.981333,-0.650154,-0.348427
38.510766,2,2,-9.403677,-5.855403,9.517105,-0.871988,-0.3574311.992540,-0.653937,-0.297040
38.565744,2,2,-11.847877,-5.861463,9.527723,-0.875684,-0.3068932.003187,-0.656940,-0.246999
38.610747,2,2,-14.828820,-5.154752,9.535870,-0.878107,-0.2659852.011288,-0.658833,-0.206390
38.655761,2,2,-7.106360,-3.661106,9.545626,-0.880509,-0.2115082.021885,-0.660763,-0.148442
38.700758,2,2,-26.482200,-3.181789,9.552917,-0.881945,-0.1731372.028756,-0.661678,-0.113984
38.745785,2,2,-26.841403,-7.767609,9.561575,-0.883343,-0.1440422.037195,-0.662541,-0.086129
38.785767,2,2,-28.173942,-6.257864,9.566768,-0.884042,-0.1182092.042377,-0.662931,-0.059259
38.830755,2,2,-7.161380,-10.988788,9.577970,-0.885082,-0.0614422.054254,-0.663316,0.000485
38.870746,2,2,-23.865048,-10.700829,9.583934,-0.885363,-0.0275892.059891,-0.663232,0.032256
38.915751,2,2,-18.822558,-15.817640,9.590877,-0.885457,0.0050402.067176,-0.662887,0.068203
38.955751,2,2,-16.041188,-15.590013,9.596070,-0.885354,0.0421452.072026,-0.662480,0.107380
39.010741,2,2,-17.077316,-18.486800,9.601162,-0.885008,0.1032782.076078,-0.661954,0.158462
39.045749,2,2,-13.959313,-20.163841,9.603463,-0.884742,0.1311962.078765,-0.661486,0.191280
39.090736,2,2,-13.860801,-18.228861,9.605881,-0.884381,0.1770642.080834,-0.661049,0.237638
39.140751,2,2,-12.608412,-17.167376,9.606926,-0.884164,0.2261762.081973,-0.660740,0.292734
39.185743,2,2,-14.627915,-15.309632,9.606960,-0.884163,0.2756202.081819,-0.660792,0.341631
39.225732,2,2,-13.291575,-14.311384,9.606899,-0.884186,0.3306492.081711,-0.660838,0.391172
39.270734,2,2,-17.720849,-13.514063,9.605659,-0.884652,0.3748342.080225,-0.661500,0.433177
39.305757,2,2,-23.943014,-20.973331,9.603997,-0.885316,0.3839072.078912,-0.662112,0.439040
39.345770,2,2,-22.646754,-24.390287,9.604483,-0.885120,0.3827772.079454,-0.661858,0.438060
39.385728,2,2,-21.898201,-23.210035,9.605167,-0.884843,0.3847152.080122,-0.661544,0.440097
39.430745,2,2,-22.676477,-23.179012,9.605460,-0.884725,0.3849672.080448,-0.661391,0.439805
39.475728,2,2,-22.706777,-22.312877,9.605626,-0.884658,0.3842772.080515,-0.661359,0.439559
39.525734,2,2,-22.543157,-22.077115,9.605473,-0.884719,0.3849172.080366,-0.661429,0.440101
