TimeStamp,fase,mode,right_torque,left_torque,x,y,th,xLC,y_LC,th_LC
0.052811,1,2,-0.078780,0.000000,0.000135,0.000000,0.0002490.000737,0.000011,0.015720
0.107807,1,2,-0.915338,0.918004,0.002810,0.000007,0.0026590.003079,0.000051,0.016345
0.162807,1,2,-2.695252,3.161645,0.005552,0.000009,-0.0005170.006196,0.000096,0.013521
0.202783,1,2,-4.914939,7.086016,0.008613,0.000008,-0.0001780.008942,0.000134,0.013905
0.242792,1,2,-7.541223,11.133032,0.011870,0.000008,0.0005100.012379,0.000183,0.014595
0.277814,1,2,-9.665104,14.089250,0.015697,0.000010,0.0006120.016941,0.000249,0.014955
0.317799,1,2,-11.485987,16.701494,0.021624,0.000014,-0.0000480.022506,0.000331,0.013894
0.362831,1,2,-11.521481,18.311339,0.029981,0.000011,-0.0005750.033218,0.000477,0.012855
0.412789,1,2,-10.246308,18.743084,0.040514,-0.000002,-0.0020120.043165,0.000600,0.011460
0.462816,1,2,-7.722173,16.700197,0.057720,-0.000068,-0.0065710.057715,0.000745,0.007507
0.512779,1,2,-5.123587,14.357145,0.072491,-0.000209,-0.0138330.074166,0.000812,-0.000721
0.562803,1,2,-3.351758,11.240192,0.087975,-0.000496,-0.0250410.093190,0.000678,-0.015440
0.607865,1,2,-2.246529,8.326777,0.105576,-0.001065,-0.0423500.109160,0.000316,-0.032425
0.662828,1,2,-0.621872,5.132100,0.125221,-0.002104,-0.0657620.127004,-0.000433,-0.053934
0.712774,1,2,-0.122066,2.994699,0.142622,-0.003435,-0.0896990.146106,-0.001693,-0.080468
0.757765,1,2,0.636012,1.239077,0.157960,-0.004963,-0.1110930.161398,-0.003072,-0.101567
0.812809,1,2,1.497109,0.658373,0.176100,-0.007191,-0.1351670.177790,-0.004907,-0.123144
0.852760,1,2,2.804915,0.487970,0.190409,-0.009255,-0.1534100.190520,-0.006574,-0.139332
0.902764,1,2,3.612040,0.333967,0.204471,-0.011545,-0.1717550.207660,-0.009154,-0.161788
0.952762,1,2,3.638011,0.741765,0.219458,-0.014285,-0.1919650.222615,-0.011733,-0.181900
1.007784,1,2,3.425335,0.699345,0.235497,-0.017573,-0.2147300.237145,-0.014545,-0.202659
1.057801,1,2,2.094446,2.699474,0.247581,-0.020302,-0.2315190.251746,-0.017685,-0.222676
1.107760,1,2,1.215749,4.288246,0.260417,-0.023435,-0.2490370.263299,-0.020386,-0.238532
1.162803,1,2,0.220757,5.282084,0.275697,-0.027476,-0.2693380.278637,-0.024267,-0.258585
1.212787,1,2,-0.465753,5.746924,0.289992,-0.031547,-0.2868340.290408,-0.027462,-0.272756
1.252788,1,2,-0.369371,5.898423,0.299336,-0.034349,-0.2976260.302480,-0.030918,-0.286624
1.307781,1,2,-1.157746,5.634286,0.314243,-0.039047,-0.3144680.316136,-0.035045,-0.301854
1.357780,1,2,-1.345605,5.159828,0.326560,-0.043137,-0.3284300.331222,-0.039872,-0.318990
1.407755,1,2,-1.672378,4.470541,0.340315,-0.047931,-0.3434580.343749,-0.044092,-0.332355
1.452769,1,2,-2.113060,4.155864,0.355488,-0.053481,-0.3593530.357587,-0.048968,-0.346837
1.507752,1,2,-3.201942,3.988081,0.368992,-0.058655,-0.3741350.372446,-0.054460,-0.362985
1.547775,1,2,-4.475024,3.504555,0.380838,-0.063384,-0.3866660.383032,-0.058540,-0.373953
1.592817,1,2,-5.014802,3.028946,0.392583,-0.068240,-0.3985550.396158,-0.063782,-0.386959
1.632748,1,2,-5.798820,2.663507,0.403091,-0.072718,-0.4081870.405376,-0.067577,-0.395277
1.672753,1,2,-6.539411,2.222825,0.412104,-0.076653,-0.4160620.415735,-0.071948,-0.404120
1.727742,1,2,-7.409701,1.797977,0.427657,-0.083629,-0.4279400.430096,-0.078173,-0.414782
1.772763,1,2,-8.181478,1.408056,0.437997,-0.088385,-0.4348530.441853,-0.083400,-0.422416
1.822772,1,2,-8.519859,0.559092,0.451127,-0.094540,-0.4421190.455020,-0.089370,-0.429238
1.867788,1,2,-8.815396,0.362503,0.464089,-0.100711,-0.4464210.466768,-0.094771,-0.432619
1.912765,1,2,-8.668688,-0.858129,0.474774,-0.105839,-0.4488280.480353,-0.101066,-0.435379
1.962740,1,2,-8.143776,-1.172193,0.489855,-0.113117,-0.4497840.492800,-0.106862,-0.435635
2.002759,1,2,-7.339528,-2.398092,0.501103,-0.118539,-0.4483260.505636,-0.112824,-0.433808
2.052757,1,2,-6.153499,-4.145152,0.515675,-0.125534,-0.4464710.520363,-0.119633,-0.431656
2.102756,1,2,-5.312313,-4.933675,0.530352,-0.132526,-0.4419450.535061,-0.126367,-0.426637
2.147764,1,2,-4.749310,-5.138659,0.541710,-0.137869,-0.4363340.546447,-0.131508,-0.420432
2.187763,1,2,-4.392347,-4.473504,0.555554,-0.144251,-0.4259870.558906,-0.137017,-0.410702
2.237760,1,2,-4.138404,-3.731349,0.567470,-0.149586,-0.4141880.572136,-0.142687,-0.397253
2.277737,1,2,-4.519607,-2.618810,0.576524,-0.153520,-0.4038170.581173,-0.146431,-0.386586
2.327733,1,2,-4.489884,-1.177976,0.589223,-0.158836,-0.3870140.593963,-0.151525,-0.369388
2.367729,1,2,-4.308661,-0.937355,0.600587,-0.163372,-0.3707270.604109,-0.155379,-0.354702
2.412747,1,2,-3.904362,0.029743,0.610828,-0.167274,-0.3550010.615730,-0.159580,-0.336929
2.462786,1,2,-3.958902,0.644304,0.625315,-0.172479,-0.3331320.630394,-0.164552,-0.315059
2.512761,1,2,-3.052213,0.943022,0.637495,-0.176585,-0.3146110.642619,-0.168427,-0.296143
2.562763,1,2,-3.427355,1.881597,0.652159,-0.181179,-0.2903700.655976,-0.172358,-0.274097
2.617730,1,2,-3.663694,2.231297,0.665639,-0.185063,-0.2684710.670929,-0.176386,-0.250052
2.672753,1,2,-3.935816,2.518618,0.682131,-0.189388,-0.2424260.686106,-0.180086,-0.226252
2.717734,1,2,-3.741897,2.733220,0.694692,-0.192384,-0.2239040.698758,-0.182889,-0.207680
2.762755,1,2,-3.137053,2.896839,0.707628,-0.195220,-0.2056750.711767,-0.185523,-0.189648
2.802757,1,2,-2.906196,2.873322,0.719283,-0.197569,-0.1902330.724923,-0.187942,-0.172356
2.847747,1,2,-2.433517,2.721823,0.732378,-0.199988,-0.1734360.738118,-0.190137,-0.155855
2.892761,1,2,-2.239021,2.906125,0.747142,-0.202454,-0.1556280.751361,-0.192122,-0.139799
2.947723,1,2,-1.977865,2.706146,0.760176,-0.204407,-0.1400690.765975,-0.194062,-0.122736
2.997757,1,2,-1.366383,3.166705,0.774923,-0.206375,-0.1234490.780679,-0.195765,-0.106067
3.037753,1,2,-1.377349,3.292186,0.788190,-0.207933,-0.1087770.793987,-0.197094,-0.091544
3.087743,1,2,-1.188912,3.298246,0.801433,-0.209296,-0.0951450.807220,-0.198228,-0.078208
3.137751,1,2,-1.351377,3.872166,0.816083,-0.210601,-0.0813450.821920,-0.199289,-0.064606
3.187746,1,2,-1.235661,3.844367,0.830763,-0.211713,-0.0686820.836586,-0.200155,-0.052240
3.242758,1,2,-1.332043,4.329167,0.848304,-0.212804,-0.0545960.852657,-0.200900,-0.039410
3.287713,1,2,-1.470846,4.717006,0.861431,-0.213463,-0.0445750.865822,-0.201360,-0.029389
3.327741,1,2,-1.246626,4.745527,0.873182,-0.213941,-0.0359580.877579,-0.201660,-0.020772
3.372747,1,2,-1.185449,4.754089,0.887968,-0.214404,-0.0258160.892340,-0.201899,-0.010729
3.417715,1,2,-1.281835,5.216438,0.899785,-0.214668,-0.0179890.905691,-0.201990,-0.002090
3.462710,1,2,-0.997015,5.055320,0.911678,-0.214844,-0.0108040.919072,-0.201970,0.005956
3.507740,1,2,-0.603692,5.164400,0.926544,-0.214947,-0.0024900.930979,-0.201865,0.012400
3.552740,1,2,-0.772217,5.223221,0.939968,-0.214940,0.0043200.944387,-0.201659,0.019062
3.607732,1,2,-0.856480,5.251742,0.954802,-0.214831,0.0108540.960718,-0.201293,0.026110
3.647714,1,2,-0.874083,4.951244,0.969678,-0.214631,0.0163490.972604,-0.200959,0.030427
3.697743,1,2,-0.952286,4.565906,0.981746,-0.214414,0.0198780.987698,-0.200469,0.034888
3.742840,1,2,-1.109269,4.493186,0.995358,-0.214120,0.0236751.001303,-0.199971,0.038388
3.787730,1,2,-0.794726,3.915707,1.010618,-0.213735,0.0270011.016572,-0.199361,0.041665
3.837746,1,2,-0.915349,3.972026,1.024332,-0.213347,0.0297611.030263,-0.198773,0.044474
3.887702,1,2,-0.800207,3.321819,1.041149,-0.212824,0.0326141.047116,-0.198002,0.047179
3.932729,1,2,-0.558385,2.933980,1.054890,-0.212362,0.0348801.059289,-0.197416,0.049127
3.977752,1,2,-0.509328,2.562541,1.068675,-0.211866,0.0373941.074609,-0.196643,0.052009
4.032744,1,2,-0.491148,2.711539,1.085368,-0.211219,0.0404431.089748,-0.195836,0.054789
4.072714,1,2,-0.394188,2.632759,1.098895,-0.210655,0.0430031.103235,-0.195080,0.057349
4.112699,1,2,-0.629950,2.955718,1.109227,-0.210203,0.0448761.113544,-0.194480,0.059271
4.162731,1,2,-0.696610,3.167817,1.123906,-0.209522,0.0481941.128212,-0.193588,0.062589
4.217735,1,2,-0.720850,3.434457,1.138538,-0.208794,0.0516591.144255,-0.192554,0.066420
4.262719,1,2,-1.373597,3.856877,1.152807,-0.208036,0.0543291.157044,-0.191689,0.068673
4.302731,1,2,-2.094159,4.702773,1.165485,-0.207338,0.0558881.169711,-0.190810,0.070134
4.357717,1,2,-2.445638,5.076714,1.178147,-0.206621,0.0574971.183783,-0.189811,0.071812
4.402712,1,2,-2.537114,5.073153,1.192425,-0.205789,0.0588311.198078,-0.188772,0.073246
4.452719,1,2,-2.797693,5.614271,1.206898,-0.204927,0.0604161.211100,-0.187809,0.074613
4.497716,1,2,-2.501331,5.368313,1.220200,-0.204116,0.0614901.224449,-0.186805,0.075588
4.547716,1,2,-2.041927,5.386493,1.233561,-0.203287,0.0625641.239308,-0.185670,0.076931
4.597690,1,2,-1.448625,4.775158,1.250216,-0.202234,0.0636851.254465,-0.184495,0.077883
4.637716,1,2,-1.629270,4.934496,1.262391,-0.201453,0.0643971.266628,-0.183542,0.078595
4.677713,1,2,-1.006246,4.752697,1.274672,-0.200656,0.0650611.278881,-0.182572,0.079308
4.722719,1,2,-1.150532,4.942335,1.290021,-0.199649,0.0660151.294215,-0.181348,0.080163
4.767712,1,2,-0.466330,4.441858,1.302254,-0.198839,0.0661351.306435,-0.180365,0.080184
4.802710,1,2,-0.701515,4.387318,1.314442,-0.198033,0.0659081.318596,-0.179389,0.080006
4.852690,1,2,-0.592436,4.479997,1.328008,-0.197139,0.0655021.332177,-0.178303,0.079502
4.907704,1,2,-0.283954,4.584798,1.344719,-0.196045,0.0655351.350337,-0.176857,0.079654
4.962715,1,2,-0.343399,4.613319,1.359738,-0.195057,0.0656931.365355,-0.175656,0.079665
5.012686,1,2,-0.179780,4.673919,1.374621,-0.194080,0.0654051.380149,-0.174476,0.079523
5.062712,1,2,-0.252500,4.996878,1.390868,-0.193017,0.0650851.394943,-0.173299,0.078986
5.107702,1,2,-0.252500,5.471336,1.404180,-0.192153,0.0647251.409693,-0.172134,0.078795
5.157736,1,2,-0.221622,5.267798,1.418989,-0.191195,0.0642871.423006,-0.171085,0.078287
5.197699,1,2,-0.336762,5.907655,1.432272,-0.190342,0.0639271.436276,-0.170046,0.077927
5.242715,1,2,-0.330702,5.851336,1.444042,-0.189592,0.0632001.449530,-0.169016,0.077022
5.287697,1,2,-0.264042,5.843497,1.457265,-0.188761,0.0622451.462725,-0.168003,0.076117
5.337680,1,2,-0.463445,5.762938,1.470563,-0.187940,0.0608471.476041,-0.166996,0.074620
5.392699,1,2,-0.318582,5.867737,1.486963,-0.186957,0.0586511.493936,-0.165679,0.072000
5.427697,1,2,-0.596189,5.226113,1.500472,-0.186178,0.0559701.502944,-0.165036,0.070048
5.472696,1,2,-0.499806,5.118812,1.514088,-0.185433,0.0528451.518061,-0.163999,0.066598
5.512706,1,2,-0.433146,4.186294,1.524695,-0.184884,0.0503221.530216,-0.163204,0.063503
5.562699,1,2,-0.560406,4.030513,1.540038,-0.184139,0.0463811.544020,-0.162347,0.060035
5.607667,1,2,-0.566466,3.289414,1.552357,-0.183585,0.0430901.557858,-0.161538,0.056370
5.647665,1,2,-0.826469,2.840974,1.566206,-0.183009,0.0396221.571698,-0.160779,0.052902
5.687698,1,2,-0.645823,2.705152,1.578439,-0.182540,0.0369231.582380,-0.160223,0.050726
5.722667,1,2,-0.639763,2.450632,1.592097,-0.182049,0.0346891.594503,-0.159619,0.048767
5.762706,1,2,-0.942186,2.537251,1.601139,-0.181740,0.0334791.605008,-0.159112,0.047380
5.807700,1,2,-1.674869,3.404887,1.614276,-0.181310,0.0318801.618137,-0.158499,0.045682
5.847664,1,2,-1.965749,3.403108,1.627262,-0.180906,0.0300821.631072,-0.157917,0.044031
5.897708,1,2,-2.299049,3.689707,1.640175,-0.180525,0.0289251.643978,-0.157356,0.042874
5.947666,1,2,-3.263438,3.940518,1.652908,-0.180165,0.0271731.658159,-0.156760,0.040697
5.992699,1,2,-3.820994,3.989483,1.668716,-0.179755,0.0244241.672520,-0.156191,0.038324
6.032676,1,2,-4.285576,3.469963,1.678795,-0.179516,0.0225851.685548,-0.155705,0.035785
6.067770,1,2,-4.060863,3.072125,1.689114,-0.179293,0.0204531.694439,-0.155394,0.033979
6.122622,1,2,-4.153254,2.790578,1.705584,-0.178979,0.0173191.709449,-0.154903,0.031071
6.162671,1,2,-4.068149,1.895176,1.719369,-0.178757,0.0146901.721715,-0.154535,0.028768
6.212669,1,2,-4.031426,1.244597,1.733291,-0.178566,0.0125091.738707,-0.154066,0.026086
6.257654,1,2,-3.800009,0.899317,1.748834,-0.178385,0.0108451.752732,-0.153709,0.024846
6.302648,1,2,-3.591909,0.668532,1.761287,-0.178253,0.0104231.766713,-0.153365,0.024544
6.352620,1,2,-3.127911,0.623161,1.778229,-0.178073,0.0111021.782120,-0.152983,0.025301
6.397648,1,2,-3.253348,0.542786,1.792005,-0.177914,0.0121821.795862,-0.152629,0.026380
6.452666,1,2,-2.944289,0.464006,1.808722,-0.177700,0.0135011.814060,-0.152137,0.027867
6.497661,1,2,-3.355214,0.476126,1.822212,-0.177514,0.0141321.826046,-0.151801,0.028280
6.532664,1,2,-2.877629,0.464006,1.832701,-0.177364,0.0145241.837986,-0.151461,0.028741
6.572668,1,2,-3.318854,0.579146,1.846055,-0.177167,0.0149061.849807,-0.151120,0.029102
6.612701,1,2,-3.682453,1.372282,1.856169,-0.177013,0.0157371.861403,-0.150778,0.030202
6.652663,1,2,-3.646093,1.515942,1.869225,-0.176799,0.0171041.872968,-0.150422,0.031301
6.697636,1,2,-4.148495,1.837122,1.882219,-0.176572,0.0179761.885958,-0.150011,0.032172
6.747651,1,2,-3.719390,1.877763,1.896849,-0.176302,0.0190181.900643,-0.149532,0.033216
6.797714,1,2,-3.852710,2.212841,1.910158,-0.176044,0.0198441.915446,-0.149034,0.034063
6.837650,1,2,-3.163025,1.803264,1.923737,-0.175768,0.0208721.927520,-0.148617,0.035070
6.882607,1,2,-3.192748,1.803264,1.935860,-0.175512,0.0215341.939653,-0.148188,0.035682
6.932631,1,2,-2.641872,1.565149,1.951134,-0.175177,0.0225361.954951,-0.147635,0.036685
6.977640,1,2,-2.550972,1.889887,1.964802,-0.174864,0.0233671.968583,-0.147130,0.037516
7.022633,1,2,-2.229792,1.754788,1.979895,-0.174504,0.0244661.983670,-0.146556,0.038713
7.062646,1,2,-2.610418,2.297686,1.990322,-0.174246,0.0251531.994077,-0.146151,0.039252
7.107624,1,2,-2.718921,2.661286,2.003659,-0.173906,0.0258812.008908,-0.145562,0.040297
7.152643,1,2,-2.440738,2.544367,2.016906,-0.173557,0.0267072.020648,-0.145086,0.040806
7.207621,1,2,-2.361958,2.724388,2.031592,-0.173161,0.0274532.036752,-0.144422,0.041720
7.252643,1,2,-2.688621,3.295807,2.046173,-0.172756,0.0278522.051326,-0.143812,0.041921
7.302599,1,2,-2.828001,3.544267,2.060798,-0.172348,0.0281042.064475,-0.143259,0.042152
7.352622,1,2,-2.809821,3.657628,2.075424,-0.171937,0.0281572.079123,-0.142640,0.042206
7.397640,1,2,-2.628592,3.980579,2.090229,-0.171519,0.0284112.093906,-0.142014,0.042509
7.437649,1,2,-2.694675,3.770981,2.100579,-0.171224,0.0284552.104296,-0.141572,0.042504
7.487635,1,2,-2.749215,4.051519,2.113959,-0.170844,0.0283432.120607,-0.140879,0.042334
7.532676,1,2,-2.579535,4.031560,2.128914,-0.170422,0.0279072.132616,-0.140372,0.042055
7.577656,1,2,-2.174093,3.538922,2.142683,-0.170040,0.0276022.147923,-0.139732,0.041624
7.627666,1,2,-1.629271,3.441962,2.158028,-0.169618,0.0271712.161732,-0.139159,0.041171
7.672676,1,2,-1.616574,3.413442,2.171888,-0.169245,0.0265712.177099,-0.138530,0.040543
7.712661,1,2,-1.579637,3.358902,2.184143,-0.168922,0.0259992.187834,-0.138097,0.040098
7.762662,1,2,-0.859653,2.763244,2.199519,-0.168527,0.0253712.203172,-0.137487,0.039469
7.812658,1,2,-0.913615,2.983182,2.213169,-0.168182,0.0250642.218376,-0.136889,0.038987
7.867647,1,2,-0.949398,2.971062,2.232730,-0.167698,0.0244442.236340,-0.136194,0.038543
7.917648,1,2,-1.239700,3.354619,2.245977,-0.167375,0.0241822.251034,-0.135629,0.038350
7.962652,1,2,-1.016635,3.824796,2.259148,-0.167056,0.0241662.262715,-0.135182,0.038264
8.007646,1,2,-1.494219,4.071476,2.270714,-0.166777,0.0240792.277170,-0.134629,0.037969
8.047672,1,2,-1.525096,4.338116,2.285220,-0.166431,0.0236362.288791,-0.134189,0.037685
8.092669,1,2,-2.045101,4.647175,2.296862,-0.166157,0.0234012.301867,-0.133697,0.037371
8.142666,1,2,-1.991138,4.724176,2.312913,-0.165785,0.0229302.316502,-0.133154,0.036979
8.187662,1,2,-2.003258,5.089554,2.326234,-0.165482,0.0224222.328334,-0.132718,0.036500
8.237674,1,2,-1.574153,4.613317,2.339661,-0.165186,0.0216682.343269,-0.132179,0.035618
8.287639,1,2,-1.900238,4.807237,2.353254,-0.164414,0.0209142.358144,-0.131653,0.034835
8.337642,1,2,-1.603876,4.460038,2.371209,-0.164531,0.0194832.374820,-0.131082,0.033384
8.382642,1,2,-1.525096,4.150979,2.383420,-0.164299,0.0182672.387012,-0.130681,0.032217
8.437682,1,2,-1.325120,3.438412,2.398916,-0.164030,0.0160582.404092,-0.130150,0.029734
8.477638,1,2,-1.191800,2.630653,2.412943,-0.163818,0.0139282.418129,-0.129746,0.027455
8.522632,1,2,-1.239703,2.218573,2.426969,-0.163637,0.0115012.432137,-0.129377,0.025078
8.567653,1,2,-1.040300,1.687072,2.442497,-0.163476,0.0092922.444556,-0.129075,0.023370
8.627632,1,2,-0.931220,1.317412,2.457875,-0.163344,0.0077742.462946,-0.128661,0.021547
8.677633,1,2,-1.300303,1.692409,2.474350,-0.163225,0.0066172.477888,-0.128345,0.020567
8.722654,1,2,-1.373600,1.601509,2.489085,-0.163134,0.0057322.492590,-0.128048,0.019682
8.772651,1,2,-2.009323,2.259547,2.500624,-0.163070,0.0052492.505507,-0.127797,0.019217
8.822633,1,2,-2.638986,2.617087,2.514939,-0.162998,0.0047542.519850,-0.127524,0.018921
8.872652,1,2,-3.135906,3.079426,2.530635,-0.162922,0.0048712.534073,-0.127255,0.018919
8.927625,1,2,-3.626759,3.271560,2.544785,-0.162857,0.0043252.549661,-0.126964,0.018294
8.972632,1,2,-4.196398,3.653339,2.558995,-0.162798,0.0037792.562473,-0.126732,0.017877
9.012631,1,2,-4.306055,3.506120,2.570549,-0.162756,0.0032472.575481,-0.126503,0.017216
9.057626,1,2,-4.627234,3.816959,2.583663,-0.162717,0.0026362.587183,-0.126304,0.016587
9.107625,1,2,-4.549031,3.152862,2.597078,-0.162687,0.0018332.602126,-0.126062,0.015705
9.152605,1,2,-4.561151,2.787484,2.612263,-0.162665,0.0009542.615839,-0.125851,0.014905
9.207603,1,2,-4.355689,2.272385,2.627673,-0.162657,0.0000302.632793,-0.125606,0.014052
9.262625,1,2,-4.149649,1.720926,2.644659,-0.162658,-0.0000332.651354,-0.125346,0.013962
9.302624,1,2,-3.206022,1.199767,2.658645,-0.162658,0.0001602.662202,-0.125193,0.014358
9.342650,1,2,-3.090883,1.276045,2.672557,-0.162651,0.0009952.676157,-0.124988,0.015144
9.387594,1,2,-2.950926,0.910666,2.684893,-0.162634,0.0017592.688432,-0.124798,0.016006
9.432622,1,2,-3.380029,1.540181,2.697019,-0.162607,0.0029152.702072,-0.124572,0.017331
9.472646,1,2,-2.835785,1.340202,2.712147,-0.162553,0.0044092.715667,-0.124329,0.018607
9.522619,1,2,-3.198230,1.643201,2.723988,-0.162494,0.0056112.728932,-0.124073,0.019976
9.572618,1,2,-3.234589,1.592942,2.738756,-0.162404,0.0067042.743681,-0.123772,0.021119
9.617613,1,2,-3.736991,2.452737,2.753283,-0.162297,0.0080912.756735,-0.123490,0.022288
9.652619,1,2,-3.501229,2.255260,2.764958,-0.162199,0.0089452.768408,-0.123226,0.023043
9.697612,1,2,-3.821831,2.552199,2.778134,-0.162075,0.0100162.781611,-0.122914,0.024214
9.737615,1,2,-3.386666,2.398920,2.788519,-0.161967,0.0107532.794994,-0.122584,0.025189
9.777635,1,2,-3.187264,2.344381,2.801980,-0.161817,0.0117792.805450,-0.122318,0.025977
9.822637,1,2,-3.265467,2.514060,2.815471,-0.161652,0.0128062.818983,-0.121960,0.027053
9.862618,1,2,-2.992767,2.294122,2.826080,-0.161511,0.0136942.831119,-0.121626,0.028061
9.907608,1,2,-2.895810,2.288063,2.839645,-0.161320,0.0146722.844650,-0.121242,0.028940
9.957623,1,2,-2.943712,2.562542,2.853301,-0.161114,0.0155532.858301,-0.120841,0.029821
9.997609,1,2,-2.671590,2.520122,2.866775,-0.160899,0.0164312.871741,-0.120435,0.030699
10.047602,1,2,-2.828572,3.038779,2.883206,-0.160621,0.0174982.885181,-0.120017,0.031576
10.097607,1,2,-2.743733,3.097600,2.894985,-0.160412,0.0181062.899911,-0.119547,0.032274
10.132609,1,2,-2.604930,3.414499,2.909764,-0.160139,0.0188542.911730,-0.119161,0.032932
10.172617,1,2,-3.221318,3.313981,2.920012,-0.159944,0.0192422.924899,-0.118724,0.033311
10.212615,1,2,-3.076455,3.465481,2.931760,-0.159717,0.0195532.935188,-0.118380,0.033651
10.262618,1,2,-2.931592,3.752079,2.944963,-0.159457,0.0198342.948401,-0.117933,0.033982
10.312606,1,2,-3.215835,3.913920,2.959666,-0.159163,0.0201352.964553,-0.117382,0.034254
10.362603,1,2,-3.246135,3.944220,2.975930,-0.158833,0.0205582.977871,-0.116923,0.034636
10.407574,1,2,-2.955832,3.936381,2.989313,-0.158555,0.0209402.991249,-0.116457,0.035018
10.457595,1,2,-2.937657,4.039407,3.002666,-0.158275,0.0210253.007566,-0.115885,0.035144
10.517595,1,2,-3.010377,4.154547,3.020489,-0.157898,0.0212713.023913,-0.115309,0.035370
10.552586,1,2,-2.895237,4.007328,3.033962,-0.157611,0.0213583.035880,-0.114884,0.035436
10.597569,1,2,-2.883117,4.215147,3.044479,-0.157386,0.0213553.049407,-0.114405,0.035425
10.637614,1,2,-2.610417,4.001268,3.056646,-0.157126,0.0214743.063129,-0.113918,0.035565
10.687592,1,2,-2.277694,3.770988,3.071889,-0.156799,0.0213873.076851,-0.113431,0.035508
10.732580,1,2,-1.648031,3.393489,3.088766,-0.156438,0.0212743.090663,-0.112940,0.035352
10.777588,1,2,-1.647454,3.217749,3.099493,-0.156210,0.0212743.104459,-0.112452,0.035246
10.817588,1,2,-1.362634,3.126849,3.113221,-0.155918,0.0211173.118122,-0.111970,0.035286
10.862607,1,2,-1.459594,3.683647,3.126723,-0.155633,0.0212053.130119,-0.111547,0.035254
10.907590,1,2,-1.634180,3.504348,3.140226,-0.155346,0.0212923.145071,-0.111019,0.035411
10.962584,1,2,-1.693362,3.763021,3.155034,-0.155029,0.0214473.159873,-0.110493,0.035566
11.012596,1,2,-1.803533,4.236103,3.171206,-0.154682,0.0214723.175979,-0.109920,0.035492
11.047584,1,2,-1.907582,4.554373,3.181393,-0.154464,0.0213663.186177,-0.109558,0.035435
11.082585,1,2,-2.182426,4.762473,3.193140,-0.154213,0.0212813.196464,-0.109194,0.035379
11.127600,1,2,-2.097321,4.842041,3.203357,-0.153996,0.0212733.208117,-0.108782,0.035391
11.177579,1,2,-2.195250,5.197035,3.219440,-0.153653,0.0212973.222798,-0.108263,0.035347
11.232590,1,2,-2.158526,5.264361,3.234367,-0.153337,0.0210583.239205,-0.107684,0.035079
11.277596,1,2,-2.011632,4.844568,3.249460,-0.153020,0.0208713.252806,-0.107208,0.034822
11.327597,1,2,-1.779050,4.536742,3.264627,-0.152709,0.0200423.269527,-0.106631,0.033915
11.367579,1,2,-1.626036,4.069780,3.276928,-0.152467,0.0190253.281869,-0.106218,0.032751
11.417599,1,2,-1.387333,3.578337,3.292304,-0.152186,0.0173093.295650,-0.105775,0.031210
11.452592,1,2,-1.306938,3.020266,3.304725,-0.151981,0.0153053.308112,-0.105398,0.029058
11.497580,1,2,-1.071175,2.797825,3.317132,-0.151803,0.0134493.320470,-0.105048,0.027251
11.547554,1,2,-0.968156,1.830729,3.332658,-0.151611,0.0109443.336022,-0.104641,0.024747
11.587594,1,2,-1.179678,1.828227,3.344916,-0.151486,0.0093823.348247,-0.104347,0.023284
11.632574,1,2,-1.300878,1.549467,3.358599,-0.151366,0.0079893.361897,-0.104038,0.021989
11.682573,1,2,-1.760860,2.063844,3.372043,-0.151265,0.0070873.378204,-0.103687,0.020978
11.732593,1,2,-2.160819,2.411042,3.388038,-0.151156,0.0065163.391286,-0.103416,0.020565
11.782574,1,2,-2.735941,2.946100,3.402444,-0.151062,0.0065173.407054,-0.103091,0.020535
11.832579,1,2,-3.323183,3.077641,3.415213,-0.150982,0.0058533.419880,-0.102832,0.019773
11.877565,1,2,-3.500077,3.650838,3.429453,-0.150900,0.0057033.432633,-0.102580,0.019652
11.917567,1,2,-4.129739,3.770259,3.439356,-0.150846,0.0051483.444019,-0.102359,0.018870
11.957565,1,2,-4.378205,3.500067,3.452410,-0.150786,0.0040423.457116,-0.102117,0.018012
12.007542,1,2,-4.814525,3.578847,3.465464,-0.150737,0.0032333.470153,-0.101887,0.017055
12.057564,1,2,-4.645999,3.086208,3.480349,-0.150698,0.0019553.485141,-0.101640,0.015828
12.102575,1,2,-4.990842,2.946828,3.495383,-0.150676,0.0007783.498673,-0.101432,0.014828
12.142562,1,2,-4.464776,1.973670,3.507718,-0.150669,0.0001573.511036,-0.101252,0.014207
12.177561,1,2,-4.379936,1.573710,3.520067,-0.150671,-0.0006123.523354,-0.101082,0.013438
12.222562,1,2,-4.125993,1.191930,3.533991,-0.150684,-0.0012113.537353,-0.100899,0.012790
12.267563,1,2,-3.811451,0.842229,3.546476,-0.150700,-0.0013353.551322,-0.100720,0.012637
12.312539,1,2,-3.756911,0.960927,3.560342,-0.150719,-0.0010453.563657,-0.100563,0.013203
12.357535,1,2,-3.447851,0.585207,3.574270,-0.150725,0.0003343.577553,-0.100371,0.014581
12.402574,1,2,-3.090888,0.690006,3.588047,-0.150712,0.0018093.592875,-0.100137,0.016325
12.452539,1,2,-3.078186,0.825104,3.603296,-0.150669,0.0039983.606546,-0.099902,0.018244
12.497528,1,2,-2.775186,0.916003,3.616819,-0.150604,0.0060143.620081,-0.099643,0.020409
12.547555,1,2,-3.004889,1.598280,3.630147,-0.150509,0.0084723.634847,-0.099324,0.022986
12.597553,1,2,-2.956409,1.937640,3.644795,-0.150371,0.0106523.649462,-0.098974,0.025165
12.642557,1,2,-3.452173,2.586058,3.659203,-0.150202,0.0128283.662395,-0.098636,0.027124
12.687551,1,2,-3.144268,2.792098,3.672274,-0.150025,0.0145413.675477,-0.098272,0.028788
12.742565,1,2,-3.313371,3.135738,3.689772,-0.149753,0.0166623.692969,-0.097750,0.030908
12.787566,1,2,-2.817606,2.768581,3.700186,-0.149575,0.0175963.704910,-0.097376,0.031963
12.847547,1,2,-2.883689,3.255159,3.718132,-0.149246,0.0191293.722894,-0.096788,0.033348
12.882553,1,2,-2.296447,2.833462,3.731801,-0.148979,0.0201593.735058,-0.096377,0.034357
12.917567,1,2,-2.392830,3.089760,3.742424,-0.148761,0.0210963.745677,-0.096008,0.035294
12.962564,1,2,-2.065590,2.821342,3.754638,-0.148499,0.0220563.757886,-0.095572,0.036254
13.012546,1,2,-1.593488,3.333939,3.769822,-0.148154,0.0235513.774533,-0.094956,0.037967
13.062533,1,2,-1.483831,3.235200,3.783415,-0.147826,0.0247273.788135,-0.094433,0.038995
13.112549,1,2,-1.265672,3.459420,3.799813,-0.147410,0.0260913.802996,-0.093844,0.040338
13.157518,1,2,-1.246915,3.578840,3.813210,-0.147054,0.0271163.816402,-0.093297,0.041314
13.202543,1,2,-1.277215,4.236877,3.826486,-0.146688,0.0279423.831111,-0.092683,0.042160
13.252523,1,2,-1.077235,4.332058,3.839822,-0.146312,0.0284733.844485,-0.092115,0.042641
13.297551,1,2,-1.174195,4.806516,3.854492,-0.145892,0.0287743.859088,-0.091490,0.042843
13.342553,1,2,-1.440257,5.085276,3.869177,-0.145469,0.0287293.872326,-0.090923,0.042778
13.382555,1,2,-1.682080,5.162276,3.880862,-0.145135,0.0283473.883974,-0.090426,0.042296
13.422564,1,2,-1.851182,4.970859,3.892651,-0.144804,0.0277183.895758,-0.089930,0.041767
13.472538,1,2,-1.996622,5.263517,3.904395,-0.144481,0.0270403.910435,-0.089323,0.040734
13.527539,1,2,-1.900239,5.170838,3.920624,-0.144053,0.0254843.925262,-0.088728,0.039307
13.577536,1,2,-1.652357,4.591581,3.937154,-0.143646,0.0235363.940285,-0.088150,0.037536
13.617535,1,2,-1.313575,4.008043,3.949424,-0.143362,0.0223213.954139,-0.087638,0.036145
13.662522,1,2,-1.536640,4.034062,3.963284,-0.143061,0.0208323.966435,-0.087201,0.034733
13.712554,1,2,-1.101475,3.591683,3.978690,-0.142752,0.0191163.981865,-0.086676,0.033018
13.752535,1,2,-1.070598,3.129345,3.992521,-0.142498,0.0175273.995661,-0.086231,0.031428
13.797532,1,2,-1.125138,3.193503,4.006233,-0.142266,0.0161344.009369,-0.085808,0.030035
13.842535,1,2,-1.234218,3.286182,4.018235,-0.142079,0.0149154.021322,-0.085455,0.028865
13.887531,1,2,-1.603300,3.340722,4.031542,-0.141888,0.0136654.034625,-0.085078,0.027615
13.937527,1,2,-2.051165,3.615207,4.046261,-0.141695,0.0124344.049324,-0.084680,0.026532
13.982550,1,2,-2.263842,3.774546,4.059464,-0.141535,0.0116274.062494,-0.084337,0.025527
14.037550,1,2,-2.584445,3.730347,4.074078,-0.141372,0.0107414.078589,-0.083933,0.024711
14.092535,1,2,-2.482579,3.790947,4.091648,-0.141190,0.0099454.096200,-0.083504,0.023866
14.132523,1,2,-2.471037,3.772767,4.104942,-0.141060,0.0094364.107976,-0.083225,0.023485
14.177521,1,2,-2.670439,3.490448,4.116706,-0.140951,0.0089064.119782,-0.082950,0.022906
14.222544,1,2,-2.701317,3.552828,4.130135,-0.140833,0.0087464.134694,-0.082609,0.022815
14.267540,1,2,-2.997679,3.851547,4.143535,-0.140717,0.0083874.148136,-0.082304,0.022408
14.307521,1,2,-2.816457,3.407388,4.157129,-0.140606,0.0078824.160197,-0.082037,0.021783
14.357517,1,2,-2.725557,3.066249,4.170723,-0.140504,0.0069824.173803,-0.081745,0.020932
14.407516,1,2,-2.985559,2.714769,4.185983,-0.140405,0.0060554.190620,-0.081401,0.019928
14.462501,1,2,-2.737671,2.302684,4.202848,-0.140311,0.0049034.205952,-0.081102,0.018854
14.512522,1,2,-2.060107,1.591887,4.216788,-0.140247,0.0043544.222950,-0.080786,0.018248
14.547517,1,2,-2.314049,1.674225,4.230592,-0.140191,0.0036544.233662,-0.080594,0.017605
14.582515,1,2,-2.326169,1.474245,4.241231,-0.140154,0.0033564.245815,-0.080381,0.017377
14.632510,1,2,-2.700734,1.443945,4.254752,-0.140109,0.0031974.259258,-0.080148,0.017266
14.687514,1,2,-3.154656,2.134061,4.271034,-0.140056,0.0035704.274052,-0.079891,0.017767
14.732514,1,2,-2.949771,1.920182,4.284270,-0.140006,0.0041484.287256,-0.079653,0.018344
14.777516,1,2,-3.300673,2.602459,4.298872,-0.139938,0.0051904.301886,-0.079378,0.019486
14.822486,1,2,-3.681875,2.576440,4.310532,-0.139873,0.0059934.313529,-0.079148,0.020141
14.867526,1,2,-3.621852,3.014538,4.323678,-0.139790,0.0068674.328114,-0.078849,0.021232
14.917509,1,2,-3.888492,3.220577,4.338100,-0.139685,0.0076104.342547,-0.078538,0.021629
14.962515,1,2,-4.068151,3.252487,4.351185,-0.139585,0.0078894.355644,-0.078253,0.022057
15.017481,1,2,-4.270130,3.177243,4.367181,-0.139455,0.0083084.370197,-0.077929,0.022357
15.072512,1,2,-4.233990,3.207846,4.381977,-0.139331,0.0086114.387945,-0.077528,0.022849
15.112506,1,2,-4.630662,2.996152,4.395332,-0.139215,0.0085974.399872,-0.077257,0.022667
15.162510,1,2,-4.338040,3.103796,4.410443,-0.139084,0.0087564.413479,-0.076948,0.022806
15.212490,1,2,-3.983629,2.612352,4.425629,-0.138952,0.0087684.428676,-0.076601,0.022867
15.247498,1,2,-3.598614,2.496061,4.439464,-0.138829,0.0092554.440979,-0.076318,0.023333
15.302481,1,2,-3.298706,2.090305,4.453285,-0.138696,0.0099904.456342,-0.075954,0.024139
15.347499,1,2,-2.754556,2.018655,4.468697,-0.138533,0.0113404.471750,-0.075572,0.025489
15.392573,1,2,-2.552577,1.786073,4.480987,-0.138391,0.0119544.485522,-0.075217,0.026074
15.437502,1,2,-2.490788,1.749349,4.494718,-0.138223,0.0125894.499263,-0.074853,0.026857
15.477520,1,2,-2.604934,1.621467,4.509873,-0.138028,0.0132924.512870,-0.074485,0.027391
15.517508,1,2,-2.906780,2.041387,4.520317,-0.137886,0.0138324.523296,-0.074196,0.028079
15.567511,1,2,-3.082520,2.394646,4.535008,-0.137677,0.0146774.539377,-0.073738,0.028894
15.612494,1,2,-3.330980,3.198124,4.549398,-0.137459,0.0158154.552323,-0.073358,0.030012
15.662496,1,2,-3.049911,2.690863,4.560532,-0.137279,0.0163654.564698,-0.072982,0.030529
15.717490,1,2,-0.738743,0.314620,4.575971,-0.137025,0.0164294.578602,-0.072557,0.030573
15.767494,1,2,-0.575411,-0.184469,4.586234,-0.136854,0.0165714.589506,-0.072223,0.030773
15.822493,1,2,2.082331,-3.834368,4.594590,-0.136717,0.0150554.597678,-0.071976,0.028463
15.862501,1,2,5.306252,-6.353215,4.601819,-0.136616,0.0129794.604036,-0.071800,0.027067
15.902491,1,2,7.715534,-8.889520,4.607116,-0.136548,0.0128054.609091,-0.071664,0.026890
15.952490,1,2,9.058817,-10.101891,4.611227,-0.136496,0.0125654.612991,-0.071560,0.026746
16.007486,1,2,7.647128,-8.356724,4.612758,-0.136477,0.0130804.614207,-0.071527,0.027207
16.047486,1,2,5.840493,-6.554310,4.611858,-0.136489,0.0134634.613128,-0.071557,0.027588
16.087480,1,2,4.156539,-5.130790,4.610027,-0.136513,0.0133394.611222,-0.071609,0.027414
16.142482,1,2,1.666607,-2.461221,4.607042,-0.136553,0.0134464.608162,-0.071693,0.027569
16.187482,1,2,1.122264,-1.641391,4.604657,-0.136586,0.0142544.605614,-0.071764,0.028523
16.232478,1,2,0.208985,-0.489416,4.602272,-0.136621,0.0152594.603365,-0.071830,0.029481
16.277475,1,2,-0.267975,-0.021643,4.600713,-0.136645,0.0158314.601985,-0.071871,0.029956
16.327484,1,2,-0.718916,0.869175,4.599184,-0.136670,0.0167994.600547,-0.071914,0.030925
16.377492,1,2,-0.868637,0.768464,4.598314,-0.136684,0.0169854.599707,-0.071940,0.031111
16.422474,1,2,-1.306735,1.252686,4.597594,-0.136697,0.0172714.599002,-0.071962,0.031349
16.467480,1,2,-1.145617,1.096281,4.597009,-0.136707,0.0174124.598478,-0.071979,0.031490
29.837211,1,2,-0.457340,0.468941,4.601554,-0.136629,0.0170294.603247,-0.071830,0.031160
29.877236,1,2,-0.723276,0.677924,4.603280,-0.136600,0.0172024.605002,-0.071775,0.031135
29.922205,1,2,-3.111770,3.388035,4.605291,-0.136565,0.0178234.607328,-0.071702,0.032106
29.972220,1,2,-5.072794,6.020762,4.608384,-0.136508,0.0193494.610074,-0.071613,0.033578
30.022223,1,2,-4.876848,5.356417,4.610515,-0.136466,0.0198724.612219,-0.071540,0.033954
30.077210,1,2,-3.857038,4.287357,4.612630,-0.136425,0.0194574.614453,-0.071465,0.033342
30.127207,1,2,-1.366960,1.497983,4.614805,-0.136383,0.0186464.616462,-0.071398,0.032677
30.167225,1,2,-0.687664,0.613225,4.616274,-0.136356,0.0181724.617901,-0.071351,0.032203
30.217199,1,2,-0.384088,0.448883,4.617744,-0.136329,0.0178964.619206,-0.071309,0.031974
30.267213,1,2,-0.461713,0.476681,4.618359,-0.136319,0.0176574.619926,-0.071287,0.031786
30.317170,1,2,-0.605999,0.727199,4.618659,-0.136313,0.0178594.620121,-0.071280,0.031937
30.367208,1,2,-0.581759,0.866001,4.618480,-0.136316,0.0179554.619911,-0.071287,0.032033
30.412196,1,2,-0.927458,1.072041,4.618210,-0.136321,0.0180504.619566,-0.071298,0.032176
30.457196,1,2,-1.066837,1.181121,4.617835,-0.136328,0.0181944.619251,-0.071308,0.032320
30.492220,1,2,-1.183756,1.253840,4.617610,-0.136332,0.0182404.619056,-0.071315,0.032367
30.537202,1,2,-0.939300,1.344743,4.617535,-0.136334,0.0182884.618996,-0.071317,0.032366
